,OC,유동비율1,유동비율2,당좌비율1,당좌비율2,부채비율1,부채비율2,고정비율1,고정비율2,총자산1,총자산2,총자산회전율1,총자산회전율2,ROI1,ROI2,ROE1,ROE2,ROS1,ROS2,총자산증가율,매출액증가율,순이익증가율
0,open,503.020600654568,372.478990247776,495.55610094589,366.377428019612,24.0054685230465,28.9770739071667,88.4029420639056,97.2826337059515,3527286162,3378284235,1.19568694353072,1.27219853364411,6.38365212399799,6.15193010839125,7.91607772524511,7.93457944261702,5.338899248283,4.83566829052189,-95.5894200536386,-1.8688012076741,8.34336682943055
2,open,294.805040109467,0,274.505195308321,0,30.7526217599521,0,40.0923428458127,0,392923166,0,2.5565354143563,0,10.6546922204124,0,13.9312894186428,0,4.16762942558145,0,inf,inf,inf
3,open,46.5904494984682,65.3739015657281,41.207483448102,58.1160706760994,305.71902326795,291.448338569925,311.604519269693,305.563770284515,56220900048,50709282510,1.28968661332521,1.31846346792257,1.60586238788277,1.65332149165129,6.51528919514537,6.47189951028848,1.2451570569864,1.25397595904294,-89.1309494727852,8.44921666454683,7.6865202085452
4,open,21.8514750816078,16.3164435535407,20.3162587496826,14.8441420583309,57811.56197860090,924723.8129638560,50592.63691638710,836603.2350397100,49984417156,51438154831,0.981176550742534,0.934769165126082,0.161549740087961,0.0634598676940244,93.5559778573079,586.891968109694,0.164649002226667,0.0678882766586175,-102.826185503302,1.99808860565527,147.375310503136
5,open,30.4610419542075,22.2743211809014,29.631691952641,21.6176224719712,0,0,inf,inf,0,0,inf,inf,-inf,inf,-inf,inf,-0.137661215509608,0.21752485243889,0,-2.19578247418771,-161.895674520004
6,open,56.0592733712825,83.105549634794,55.2179614239912,82.5478859697583,167.313511843424,103.990471646804,188.190492273683,145.507627731282,38539732706,38530321620,0.585167001754763,0.556311100888236,2.24321850282425,1.25264217817863,5.99642615822097,2.55527068731338,3.83346719158364,2.25169365877941,-99.9755748573998,5.21269999733133,79.1226937132902
7,open,49.9018242632458,77.3819524031216,46.4699462362837,69.6910913676791,1050.52222869107,253.095801915227,864.701359066702,292.031915641938,51349131168,50202682615,1.25336432566765,1.18512460177224,0.882815597243252,2.2547124755875,10.1569896846355,7.96129509655833,0.704356729455331,1.90251090241127,-97.7163599766331,8.17315353424538,-59.9516152355904
8,open,35.7663016384602,23.7706557442515,35.6349965543401,23.5502520068957,0,0,inf,inf,0,0,inf,inf,inf,inf,inf,inf,6.06817719410522,4.28852259711937,0,-0.594228341782206,40.6572596688682
9,open,27.259390620968,20.5440101732171,23.562753651681,17.695555989027,154.792862197083,172.425523101803,231.777757198545,252.458557373101,50260254253,55151255509,0.823833434995576,0.833733150036746,-1.36123369085257,0.699944161628388,-3.46832628211426,1.90682654373666,-1.65231663711231,0.839530204115715,-108.868340731068,-9.9504345136549,-277.230544521677
10,open,46.8077039262073,46.7541305879407,45.7323636977691,38.1641756768958,275.290464115566,393.128278005677,315.785577817109,394.760794376431,72118215612,64357332559,0.68871883671142,0.722373210610927,0.494946089515568,0.378693479529424,1.85748547646482,1.86744463452323,0.718647528037564,0.524235220751271,-87.9409497808425,6.83837326228396,46.4593178887603
11,open,30.1915581672946,0,30.1915581672946,0,198.917566633238,0,238.884365558567,0,19524231291,0,0.759053041582819,0,1.00160706501231,0,2.99397946596139,0,1.31954818720402,0,inf,inf,inf
12,open,10.2570622308297,33.2965457918407,9.77145942211689,32.9224651751942,191.289648015686,122.675063573093,275.350114218647,213.980335348274,23173333783,23433797055,0.129394238700333,0.123465424412843,0.00757629444447035,0.361316771675012,0.0220689614199297,0.804562351027581,0.0585520230310751,2.92646118047465,-101.111485566717,3.6371445864534,-97.9264496938529
13,open,32.2237558498938,31.6078323282922,27.9702877021652,26.7077181108196,774.541823140367,597.345600250424,723.978521375227,601.698050844948,65434068335,67638973784,1.02359331775148,0.93363661055334,-1.25448004057686,0.543920874930582,-10.9709526177929,3.79300829017202,-1.22556489850145,0.582583061527778,-103.259815052844,6.06118670867433,-323.118171652099
15,open,48.2930141944717,52.3803235170179,47.9314771138914,52.2165029448539,8600.82419134492,1550.27647578292,6511.5994422937,1233.1420422363,75572286665,76282077849,1.64081312703521,1.38957934798035,-4.96718728207878,-5.32867352282445,-432.186232668519,-87.9378456184448,-3.02727178387097,-3.83473857075472,-100.930482236476,16.9811320754717,7.65115435035738
16,open,24.0731029775686,23.3664741414242,23.9206201142656,23.2497389967456,601.974178008141,357.947836145921,582.539324440894,381.771747517201,21821099024,23225765625,0.719060915389392,0.632339904187766,-8.99667105603067,-1.7145319014645,-63.1543076936677,-7.85166174278817,-12.5116952729363,-2.71140867452734,-106.047880718679,6.83699770612534,-392.995383444898
17,open,111.56216234782,124.1546572011,109.204647045725,121.112673324284,88.1231939053732,68.7780657975892,149.506672633259,128.917484753241,111289839307,99175245455,0.349794704264178,0.365351172137414,0.356919041732335,0.334291033492255,0.671447500963321,0.564209940462999,1.02036719647641,0.914985523480195,-87.7846595726381,7.43726806473679,19.8111458587169
18,open,6.22618416560958,3.65321674216223,5.99037839438839,3.65321674216223,0,0,inf,inf,0,0,inf,inf,-inf,inf,-inf,inf,-0.28973055628902,4.94289795469157,0,50.1354327881101,-108.8002671427
19,open,42.774774760017,23.3588753702962,39.8575966355726,20.6929470165528,217.964600497215,462.202716380195,235.947920473871,462.991224211479,22518125036,19031401082,1.01789076250158,1.15462452997132,0.608203306363415,1.67998983691431,1.93387121328929,9.44494849804345,0.597513337156815,1.45500965318659,-81.6791000358993,4.30901817695057,-57.1645250531765
20,open,20.201155166521,27.5393608045577,19.6113948730724,26.8919257283969,413.533255664823,288.22130747293,457.458680051396,334.835149587168,20991031011,21834486739,0.814443341446217,0.793030323633476,-0.10906482863087,0.14497575041899,-0.560084165253369,0.562826753795294,-0.133913340659404,0.182812366814355,-103.862951935085,-1.26710627656498,-172.323617170285
21,open,51.0896900259381,27.0095016168281,48.1436088138419,25.7674615182418,249.098272357015,245.561734296082,293.066086939462,291.481348341171,121501686368,119739171520,0.552000489671097,0.548747284893524,0.415768560174524,1.2433200256036,1.4514408605729,4.29643824332629,0.753203245204104,2.26574246439296,-98.5280382137055,2.07353026774376,-66.0675847077341
22,open,20.6684800774451,27.2160213426374,18.7062085577827,25.4662117843857,353.688687122893,242.048832786653,386.564636455573,286.973027044413,10142790873,10370967741,0.916311490532691,1.04013298357438,-17.7109624016991,-9.11745680455492,-80.352632797098,-31.1861545798074,-19.3285390226887,-8.76566453380133,-102.200150204864,-13.8426263229391,-89.9794536726659
23,open,24.4859620225986,91.637893403612,24.2787820989091,90.5910032482973,101.266930169027,87.7188354436768,179.371529332462,169.119161967395,24046565227,25063735478,0.579195445733003,0.475556472436531,4.10139460954126,4.40094879699081,8.25475102474162,8.26140983018366,7.08119278174006,9.25431373994847,-104.058334608155,16.8504244433619,-10.588682709151
24,open,31.9726444491448,26.2572103981699,30.774559162075,25.1186369958706,378.342400570853,425.326478257438,384.260632940023,436.355325181753,18727820750,18483409414,1.28550560587782,1.29390349444326,2.11817610973236,1.93767431093489,10.1321344516121,10.1791162177334,1.64773774618115,1.4975416012526,-98.6776717946048,0.664710674324662,10.7608919496795
25,open,15.2884201444839,64.8126931142238,14.1022238714129,63.7892521289292,4213.26525054914,730.027727135679,3826.74160433372,755.573910829288,11022767599,11982423042,0.825250858126162,0.721363959251206,0.846334036911595,0.956996306991178,36.5046319176775,7.94333469569126,1.0255475999544,1.32664835097191,-108.008859640795,5.23920213624339,-18.6462553600792
26,open,19.2353273775197,15.4245106293493,17.2396578320912,13.9134232074955,164.51729351129,-4333.17194701013,246.947593801912,-3832.56548338755,35114419118,22531939754,0.723022702231904,1.02067152691181,0.156890939345654,-5.33566956562882,0.415003666521562,225.868067237356,0.21699310251441,-5.22760694792054,-44.1571409236247,10.3958738163987,104.582430049325
27,open,10.2215033504692,13.4841360810816,7.46566326123967,10.4069329221764,291.621546814528,185.7054634391,375.944203281315,270.761296499107,22345595524,15988116430,0.662442351070992,0.89667522186039,0.491829393770065,0.692852879105535,1.92610987957085,1.97951852919961,0.742448596432442,0.772691005856087,-60.2362221851796,3.25415859949871,-0.787113416603381
28,open,41.8615361017043,43.5919085637406,37.5466181487583,40.1254206068972,335.016998363765,459.691774855676,366.794820849702,463.892809505636,42767524515,45349696255,1.36087957147454,1.22770285397141,2.05155028950125,4.0373839456491,8.92459248931147,22.5969058631415,1.50751788218729,3.28856769583035,-105.693911874251,4.53606781221897,-52.0794442637517
29,open,13.4461143167484,9.93653564888865,12.8715411363903,9.07285444517525,361.934739763028,451.896102754162,428.911245531356,521.089463705166,39897558101,40701053785,0.419394716980952,0.42706860730977,2.94503569372721,2.96968791615281,13.6041429677471,16.3895918732086,7.02210966062541,6.95365537368747,-101.974139756293,-3.73554222892363,-2.78788024971171
30,open,29.5964193499635,32.8327157200071,27.7462486129274,30.4552854709854,169.774529739978,145.715629764851,219.708714428896,198.057492922224,11005838819,10945728478,1.20003920984189,1.08133094172665,2.4448971171145,0.0863019580559342,6.59570970032193,0.212057399736537,2.03734769419461,0.0798108652270029,-99.4508328877259,11.5874321130597,2748.51438297303
31,open,14.2010117787727,11.9452442291626,13.0195774452088,10.5903460708555,324.808499553368,286.067165189558,385.305070914809,357.064893596068,11063151590,11130931555,0.620052846080545,0.680154264231301,-2.52090371112776,1.10256811295252,-10.709013230427,4.25665345795979,-4.06562719139636,1.62105594412265,-100.608933445194,-9.39156462991655,-327.247011397787
33,open,255.566556840772,236.367807598788,254.264173927206,235.418585725056,47.9570644403353,46.8263710305658,78.8262479460702,79.0719365131377,37874670457,35975988848,0.575419879751642,0.605915465592875,2.57138476783764,2.70429944013641,3.8045454179585,3.97062472975219,4.46871034234597,4.46316292238936,-94.7223643607907,-0.0209635171205257,0.103303894101632
34,open,15.9491039116227,0,13.1750555335987,0,96.1457378123528,0,184.686351419312,0,16835650429,0,0.523235633880005,inf,0.764133768056868,inf,1.49881581722848,inf,1.46040085685775,2.69607110906483,inf,-1.3977607045018,-46.5893928869011
35, close,0,0,0,0,0,0,0,0,0,0,inf,inf,inf,inf,inf,inf,4.40709172648864,3.51326051493338,0,28.1221347066985,60.7185113218571
36,open,52.2117253075619,44.970959066862,46.1043742547873,37.433040191981,97.7805219866147,120.943567467456,173.723425164664,194.008205011787,23742013826,23705095817,0.359957963028439,0.354360262613909,5.37104853592296,3.7187260570692,10.6228878305029,8.21628601483055,14.9213216197098,10.4941960185895,-99.844261296031,1.73786254574863,44.6574244713786
37,open,38.2815453915598,91.1709450513042,35.6146463072988,78.435347497402,418.734252244411,208.637936906962,381.67810228974,211.759997027344,8739171504,10249918813,1.1380594863538,0.970447491094679,-6.38597000579015,-3.37295362341325,-33.1262137580879,-10.4102144761313,-5.61127962322075,-3.47566834307388,-114.739114880441,-0.013179470656173,-61.4233445906812
38,open,30.8684327380457,34.8205979637691,30.8684327380457,34.6326279803026,340.820477907005,111.94963360148,354.907283795792,172.968101763196,9026748138,11382298940,0.717912908494623,0.580018302524042,-14.2820875501423,0.149799615085492,-62.9583665936341,0.317499735310127,-19.8938999162031,0.258267048528667,-120.694859750363,-1.84071149576993,-7661.05384900508
39,open,143.407533132259,189.699136993181,140.000928341641,184.525112870787,134.229982023591,106.060654630326,88.9264733185165,62.6804705037698,69007284879,58663105655,2.18817477408029,2.31832253818646,1.43823052412547,3.96485564654342,3.36876709811689,8.17000750041482,0.657274062913907,1.71022607132353,-82.3668060043829,11.0294117647059,-57.3291778220564
40,open,53.9923031417801,68.6971383737158,49.9886310294739,65.0319096678011,146.615247492416,152.728811605311,216.403887214476,218.575818302964,40987671749,41061452249,0.498339401005336,0.496360152836444,1.03165155022575,1.22533491740359,2.54421002384857,3.09677437493902,2.07017857336691,2.46864078512635,-100.179683123608,0.218352815148503,-15.9578469633735
41,open,143.947699943334,95.2852006616305,143.562672326287,94.685956249963,113.534079773789,115.481180059261,123.911468520842,143.990856036887,48323924301,42926143223,0.5776165344755,0.626900759618704,5.60691313711029,7.07312426887953,11.9726703710442,15.2412516416396,9.706981712706,11.2826857526566,-87.4254226615266,3.72445117444554,-10.7613760780547
42,open,50.2371420298461,42.1812148063873,49.9675893616361,41.4419774796244,492.710724609784,287.916625593303,429.27467671969,352.457528354724,14060148114,10793586432,0.490674695534008,0.637146311221571,-1.35060998262824,2.80947184617866,-8.00521021468791,10.8984083826901,-2.75255682618471,4.40946105580081,-69.7360863084809,0.317941207426722,-162.622354606361
43,open,42.3995908067057,233.389339419979,41.6724840119403,229.504876100972,89.1728790478429,94.8701268690259,158.638657693964,166.280814551831,12004569820,11570057570,0.651565360298767,0.670481513429496,3.99704265287867,5.29496816496826,7.56132066322085,10.3183111807482,6.1345229449366,7.89726198099725,-96.2445109078226,0.828257422832153,-21.6775054257183
44,open,20.9049303443875,27.9784234381213,19.4748798844852,26.4251695562868,860.141982566387,326.212184294592,815.165503949805,334.943158065906,10786546435,10807674760,0.914526823802618,0.939311185378417,1.94135018341485,5.22455188131513,18.6397181395955,22.2676766929574,2.12279195414157,5.56210972747049,-100.195493715986,-2.82890318575674,-62.9144276903368
45,open,61.204417339582,45.1596439612324,56.4643707349674,41.1990084395343,142.608201917023,142.754174339971,190.385516290828,210.689669953979,20985505154,20807303868,1.26990653198169,1.27604647427837,0.374589496050403,1.20170225602628,0.908784840937922,2.91718238964141,0.294974068261431,0.941738628058883,-99.1435637835133,0.371146134111119,-68.5614623536605
46,open,29.9672553059424,67.0169521555339,29.474199093835,64.0793509833259,99.5056809069847,75.2970329766733,169.686559465672,124.83525641216,10155338878,8619823868,0.55754991635642,0.646562415931722,1.70337074988942,1.37176429368777,3.39832141293729,2.40466210626808,3.05510000076929,2.12162702298587,-82.1862368243926,1.59429652207256,46.2937321310725
47,open,0,0,0,0,0,0,0,0,0,0,inf,inf,inf,inf,inf,inf,0.299284323330361,3.38094709621076,0,-5.88335257488392,-91.6687140208975
48,open,22.6095649430542,16.8359249143095,20.6062818736241,14.9676431512286,232.705080045124,164.323116009922,287.809128596547,236.66708592849,9649426133,9584229848,0.919477157782187,0.900680971126894,0,0,0,0,0,0,-99.3197545756522,2.78132754572218,0
49,open,51.4879594502329,52.6556212497353,45.4783971329754,43.704950678205,453.833625165078,452.72655953731,451.666062733535,449.942505552772,38737890287,38429564358,1.04511471048248,1.01835810246059,0.107835813180613,0.17381991473472,0.597230993364428,0.960748834503904,0.103180839480128,0.170686435660237,-99.1976855992233,3.45082086191631,-37.4634399028142
50,open,16.161195880766,19.7346297969407,15.4311358745106,19.1167123569159,365.507129535258,425.33861541932,417.951669366858,457.433424833143,8199451131,8603098980,1.03913284948878,0.825125447992928,1.50952247927972,1.42630445476986,7.02693476298447,7.49292807435205,1.45267516085394,1.72859103817397,-104.691888933725,20.0275537163415,0.86888225799238
51,open,41.4278101684832,39.1449178782638,38.9751990838026,36.7308981181597,218.808919336539,227.503485985347,285.470369962904,293.182944990858,33987441239,34688244500,0.433030076212734,0.40354476445183,0.203129251521234,0.246516741428065,0.647594171631247,0.807350921714398,0.469088090364982,0.610878304326238,-102.020290363786,5.13867324906369,-19.2649352438414
52,open,25.9361756967629,22.670343803271,25.8874252158158,22.6154822640694,195.013152305109,212.740654373526,244.43419849146,264.511616617719,8192236812,8004398621,0.48307496362936,0.438103904620619,5.38547610530183,7.37032305527903,15.8878628248893,23.0499965525225,11.1483237815526,16.8232306937813,-97.6533128859026,12.8525028738151,-25.2155388880838
53,open,30.5649759509716,65.3712420334851,26.4739237285611,56.8110379427208,122.399234476672,117.222644977815,189.986958678966,183.586829794161,14316579951,13935104347,1.05192747273053,1.08827333002819,0.341981368228801,1.24481087245927,0.760563944993703,2.70401110212744,0.325099759340923,1.14384028176729,-97.2624847686761,-0.69368441740519,-71.775378248566
54,open,43.7482932655506,0,42.9301485696782,0,122.163555282272,0,184.987548344678,0,23770703419,0,0.473027368934,0,-1.16276393309874,0,-2.58323769331213,0,-2.4581324664556,0,inf,inf,-inf
56,open,26.6538145311842,10.0965113364877,26.0731623550789,9.3756766408276,942.249378565533,539.54418626577,933.744711453874,612.530662235676,9737723833,9428881480,0.430467059642274,0.433233623592011,-5.54558664079132,1.44887896077362,-57.7988423014607,9.26622115965558,-12.8827200980252,3.34433636235508,-96.7245069984696,2.61599142946774,-495.287121848069
57,open,45.661716204161,36.024986842607,45.0263383798961,35.413455919984,89.8202315833973,105.468286326032,153.740827769578,169.71732202362,11334335655,10904012530,1.10878495507199,1.14385301536333,5.85990722541382,8.08665005266644,11.1232894658527,16.6155012843969,5.28498082392665,7.06965837747767,-96.0535342029729,0.759691901533223,-24.676269899996
58,open,60.1004263074758,66.3955189811925,58.3982080082082,65.3074061317947,406.687694973245,362.466843566895,372.827681844256,338.069983756223,11730773583,11000746590,0.880835283358823,0.992050599358457,0.386288420617623,3.27813173451167,1.95727589437598,15.1602723605608,0.43854785101775,3.30439973186003,-93.3638413808785,-5.31844741154071,-87.4342105108088
59,open,37.3606311235384,50.2042973861483,36.7083604212769,49.793771009582,258.026607995105,288.488361445116,316.031675871642,322.540185384175,16718454091,17509127771,0.559347545658191,0.545435226409029,0.972716521006236,1.40764556763483,3.48258396556662,5.46853920065934,1.73901991446414,2.58077494719642,-104.51577994256,-2.08028093483681,-34.0181360416418
61,open,60.9744349510124,82.2617244909118,56.2490559651471,77.5305814379126,224.133282696044,232.450064953688,267.757837571256,272.590807768851,22296946169,22212071912,1.19749505222031,1.15148916910278,0.886300556597088,-1.70211967842471,2.87279508865145,-5.65869797651246,0.74012878379228,-1.47818991623775,-99.6178913100216,4.39271311718343,152.269367384705
62,open,18.173360298154,0,17.8150563704336,0,485.943069854674,0,501.950595341373,0,4237070015,0,0.123585531545671,0,-8.97084675623421,0,-52.5640548754372,0,-72.588163388034,0,inf,inf,-inf
63,open,44.8739014366004,54.4550091234969,44.5654572332119,53.4827354201464,137.68086179025,94.8201826916884,181.665534627521,148.54732185052,6296823832,6292371412,0.331880617555127,0.339652301185555,-9.21986626098134,-8.83279516749543,-21.9138575850089,-17.2080676820972,-27.7806710403926,-26.0054035749636,-99.929240985497,-2.2189892869303,-4.45606370947097
64,open,33.7702598278968,17.0644196504858,33.5119013054832,16.8154403143566,184.957932095457,228.292055309522,231.70157313879,291.467654944402,6886412394,6640059424,0.775285761661865,0.646388268377039,5.72191054580633,4.23249272414945,16.3050379676816,13.8949373549362,7.38038904976291,6.5479108010058,-96.2898981128155,24.3911272330444,40.2057757380272
65,open,135.975511854615,149.771606727185,135.347310008301,149.089691359373,46.1375901568023,41.6781996417165,94.531276663658,93.1477189877164,18781127583,18972492908,0.547443489245371,0.627538823112681,-2.87300718029524,0.774770910247743,-4.19854345831536,1.09768147698674,-5.24804338116354,1.23461829246638,-101.008646180172,-13.643315529948,-467.079954280383
66,open,14.1059057643436,14.0164113261495,13.5641521732439,13.3539122083328,217.806649918296,222.51353947945,303.787384735829,308.655143022269,10283013597,10409778370,0.440140998094219,0.403855186015838,0.076987615792997,0.0794720858211701,0.244671762603693,0.256308236880002,0.174915802268701,0.19678362089438,-101.217747088308,7.65769735303705,-4.30589488433757
67,open,57.1907221761324,56.3678517450248,53.8414316497711,54.3305787923758,269.7636418534,287.250973360324,287.155109596924,293.831888694649,23684702142,24706718060,2.22195687011313,2.10856129642498,0.260537243111765,2.87483135669862,0.96337199851451,11.1328124112832,0.11725576072883,1.36340895641632,-104.136591171349,1.01881325453023,-91.3121901243645
68,open,11.6270528825478,15.3010875794604,11.5616694969255,15.2230564810622,256.923442147887,226.510679331358,329.710797752279,295.239361155264,6017640996,6101295324,0.432067728820691,0.435644160600543,-3.03541678743243,0.398144995611755,-10.8341140812386,1.29998592989575,-7.02532632029117,0.913922489085828,-101.371091277469,-2.18078780382954,-851.936727981498
69,open,52.3084646046889,59.3678739551543,51.6520070591737,58.796575541102,689.682947015331,407.774187597912,672.938032817813,417.498351223879,18011715877,15258076183,0.665187618593258,0.791724355293187,-4.01968693568239,0.518725159389251,-31.742782254487,2.63395246395474,-6.04293709522623,0.655184037122566,-81.9529037542229,-0.819690200765376,-1014.76644613322
70,open,70.5466953379439,64.3691774120893,70.2902227166487,64.0519652469412,103.055296574406,106.852069501204,130.614000907034,138.734087499819,5524642962,5146124711,0.747895910092298,0.644784442146801,4.80326755638766,1.40136106390602,9.75328918188519,2.89874436187369,6.42237441276405,2.17337915170565,-92.6445962300349,24.5232703483626,267.968499491401
71, close,70.5466953379439,64.3691774120893,70.2902227166487,64.0519652469412,103.055296574406,106.852069501204,130.614000907034,138.734087499819,5524642962,5146124711,0.747895910092298,0.644784442146801,4.80326755638766,1.40136106390602,9.75328918188519,2.89874436187369,6.42237441276405,2.17337915170565,-92.6445962300349,24.5232703483626,267.968499491401
72,open,42.7018971952902,28.6217930949507,40.4685007666656,28.4229461818404,55.1923466903198,63.6198852204064,132.188816654905,145.410733305377,2403315784,2217518021,1.1567283078269,0.306854818565644,8.04381169079028,-17.7997930687392,12.4833801262877,-29.1240009885409,6.95393346593365,-58.0072138086089,-91.6213640096501,308.547067305989,148.976824384669
73,open,97.2293100364871,64.2544140769009,94.1471165162595,61.3134808788929,199.410437892761,223.063773833317,209.263917040301,259.108048019969,19227075627,18617642123,0.804726799496871,0.738414535749211,3.42645455700428,0.092017286006567,10.259162593323,0.297274516751812,4.25791033571462,0.124614673129646,-96.726580627269,12.5477414398322,3745.60003651764
74,open,7.32895582828871,13.7199714921144,5.20923226345567,13.4842001984979,117.454469734152,78.1441719322164,208.846283528985,167.422813820367,5542830607,5300321522,0.239443615383789,0,-7.69169116338467,-2.22064145564489,-16.7259262329268,-3.9559433327421,-32.1231833684776,-inf,-95.4246344491854,inf,-262.220300386733
75,open,88.9115973454965,457.557121096495,87.1617153395417,454.340172443832,100.518585972351,75.6274323278257,178.08380758081,129.047853682644,31031103688,26721699573,0.485644266846613,0.544042231306617,11.3552752471471,3.06357295037912,22.7694373588477,5.38047451024066,23.3818785113621,5.63113077273686,-83.873016372977,3.66181259349661,330.43005146739
76,open,30.0840500524592,0,28.973537589087,0,330.70148578196,0,331.213085275089,0,5176121873,0,1.38322957624843,0,-7.7285051398557,0,-33.2867864660936,0,-5.58729026082339,0,inf,inf,-inf
77,open,0,0,0,0,0,0,0,0,0,0,0,0,-inf,-inf,-inf,-inf,-inf,-inf,0,0,-563.486668839619
78,open,47.171754550075,42.0789793332798,45.3379457616,40.1198973824245,172.265167963398,179.422702132141,201.155166948801,216.375894221669,18597506106,20756364560,1.33299599638266,1.26030484227533,-2.50575751040971,5.95766646623208,-6.82230489447248,16.6470726239661,-1.87979372571979,4.72716303737772,-110.400946889131,-5.23310307937906,-137.684805205309
79,open,67.0545375312008,78.751345379154,66.2570415267981,77.8479627756263,322.385472480823,247.654804346735,242.324454719299,206.060144317605,4627269003,4687989413,1.20696790620539,1.24091290689952,-3.65841989930232,9.97019598004796,-15.4526341770005,34.6618653274218,-3.03108299772784,8.03456545952042,-101.295233513788,-3.99528872979813,-136.218293260411
80,open,111.564216202991,105.096027717064,111.185659951175,104.733614553278,77.5637334218048,82.6477428435747,124.002625270256,128.605388194392,9481422357,9269614932,0.634666747606421,0.618921097379625,2.79068488922078,3.80513505239961,4.95524427733858,6.94999328535756,4.39708697477149,6.14801316114397,-97.7150353433905,4.88714332487899,-24.9842380543961
81,open,94.3218210336826,80.7589957503886,93.6195995514141,79.2363237383465,68.9431809416028,78.1036760379328,109.628594029204,120.556964372061,6228293006,5983323260,0.461305458370723,0.436943055956499,5.25278917810759,1.22823096474316,8.87422912565124,2.18752449844374,11.3867917294103,2.81096346079806,-95.9057912241232,9.89813441016064,345.180873188568
82,open,135.821147262681,460.796658674079,133.414104596651,453.875691769238,141.511348675076,69.1323031987818,181.117251049815,98.8198108117168,16658193490,11669531608,0.583969782007857,0.893261289326635,-0.0130162913601744,5.84638223638976,-0.0314358208114346,9.88812093021045,-0.0222893234568073,6.54498555601455,-57.2505388427069,-6.67750555203889,-100.317815103906
83,open,45.5738637032708,39.8384352742913,42.5003855075643,36.6067041835028,302.708539554797,299.34812879519,320.721042835789,329.208464920218,6558328518,6478305179,0.986330289378773,1.06280941353597,0.0965890467763847,0.25976483871971,0.388972339643079,1.03736602269501,0.0979276899599424,0.244413377799763,-98.7647488534594,-6.04957644617135,-62.3574289091408
84,open,125.893741258979,114.764239043475,125.752473235751,114.60668214029,69.0880354365468,79.5444200819698,82.1105228631489,88.367855941428,5511923039,5140769586,0.802063634909181,0.794210963105398,7.19467400386539,3.44372051768515,12.1653329291999,6.18300803272161,8.97020347354366,4.33602742553447,-92.7801966847382,8.27992709271358,124.005266295655
85,open,43.9054324726307,36.7398956757134,42.3434603669898,33.8895350676341,657.36436794457,-4944.58361091984,472.08333864684,-3046.54954800247,2705208769,2598243691,1.66850999143719,2.33475815529268,15.1862273887225,0.40983095761513,115.015075077223,-19.8546034050984,9.10167003293858,0.175534650852844,-95.883177610687,-25.5940243577464,3758.03392939432
86,open,94.1380518377436,80.2331870089177,93.3754504127312,79.5307900718122,43.2961834932447,42.8055220050586,106.240339114855,111.584906325315,7916528743,7963737374,0.514004835086089,0.4697785015129,2.03199804134154,1.90341442568018,2.91177564189991,2.71818090651217,3.95326639486029,4.05172739823198,-100.592794925083,8.76569252605254,6.122578079803
87,open,40.6679756187859,39.8101866124836,38.5848568926724,39.4236812976102,305.417087586416,229.504528336696,323.685495660118,272.634232683034,8539653899,8365867574,0.515568844718118,0.52106216927789,-5.06503121924707,-6.14703465541612,-20.5345020544142,-20.2547575480221,-9.82416077142196,-11.7971232951625,-97.9226742060787,1.00117036786775,15.890364882209
88,open,117.434950875297,81.7423442866541,112.62203074293,77.2145760303554,179.590709625459,190.872715136098,163.09691132151,172.079813380409,9911834413,9582701825,1.87680586497707,1.87960172015474,2.52886843701956,1.96248573141845,7.07048120855724,5.70833553113534,1.34743208352583,1.04409658193805,-96.5653466630743,3.28079717262156,33.2863856945099
89,open,27.4016960914497,32.2934575458569,26.1673120611821,30.4619832595065,785.140293430672,755.456535272971,814.021178652904,788.244340675084,8271587085,8283747934,0.715966137954286,0.681937316056435,-0.409206632925149,-0.541606207207898,-3.62205279141144,-4.63320569500403,-0.571544674018196,-0.794216996864087,-100.146803706449,4.83589272707953,24.5566433724171
90,open,38.8708550190609,35.1279417734172,38.397577273772,34.7283668414224,121.799233155488,114.708709519409,189.124986769421,187.704430345766,9990754681,9647371509,0.391592871001053,0.410015372198517,0.111867244836416,0.117068768311284,0.248120691199344,0.251356841691423,0.285672322252556,0.285522876090125,-96.4406556575575,-1.09370594425135,-1.04193718130922
91,open,82.378488196545,73.7268986216047,82.378488196545,73.7268986216047,68.7745578871009,66.2414891758567,112.11911683585,117.403693605732,5713261619,5472021949,0.790129306347104,0.521932696655563,1.63713140124627,1.5261325845972,2.76306128448429,2.53706553543238,2.07197909012513,2.92400264320735,-95.5913979832613,58.0592609291884,12.0024581395998
92,open,23.6148661103713,0,22.9091778012963,0,93.9122469213708,0,180.436339670442,0,7335533234,0,0.614918488691834,0,1.0381699948822,0,2.01313876393956,0,1.68830505827006,0,inf,inf,inf
93, close,152.914331013534,840.184387283128,146.659486062518,825.887937742671,115.878837608496,72.8540862001109,141.757040723819,141.366752431399,8304500824,6485803587,0.653062342329656,0.782272120477027,1.13974353192261,-0.157861163426564,2.46046508843255,-0.27286947150585,1.74522929596098,-0.201798273636929,-71.958798742451,6.89232636459969,1024.44606250974
94,open,82.4993731183856,69.4148797978577,78.8454239223559,64.6782152546403,128.027513255757,107.975304210732,122.405617400699,133.024376581481,4973566925,4286949266,1.00905679237442,0.980219149857324,6.31322750321692,2.35993231369396,14.395895681764,4.90807640857238,6.25656311015084,2.40755581447012,-83.9835366271862,19.4296198055664,210.364124912012
95,open,43.9431592736393,30.8766308886049,36.9202294737944,29.5723924506159,126.039148819803,119.919027059716,205.353527946344,209.276298092492,13442961624,12714753417,0.469464449316946,0.460021819312644,0.226666956674189,-5.26006753780839,0.512356059522089,-11.5678893518322,0.482820279584496,-11.4343870594397,-94.2727304013119,7.89747858937729,104.556002040877
96,open,197.598966483889,196.692361392897,196.921820173731,194.976550968619,156.84387646456,81.3659513793477,88.9269579256955,74.2352554633093,6650554350,4253249121,0.731413224222429,1.10398621604747,3.67213545138534,6.02743617189594,9.4316550423675,10.931716956942,5.02060303228619,5.45970238059276,-43.6359084361285,3.59437708633961,-4.73725352204865
97,open,76.2451633588373,67.0092145977695,69.863949169412,63.2916805842619,278.128011921964,235.014978582648,310.222195228075,269.840768559469,17881955098,15596261892,0.883951987988601,1.05566860597829,0.412046728650163,-2.81054511033085,1.55806410323435,-9.41574709943055,0.466141526066092,-2.66233654616101,-85.3446087156793,-3.99462436844476,116.809329523712
98,open,78.2011406113557,200.679073190551,75.968008988217,198.875799608239,70.3388984656083,63.4982378699965,135.420141509488,99.2534415762338,7538506130,7068978931,0.646832759158345,0.738372749579214,4.04544637546113,6.91519097413476,6.89096879397736,11.3062153880554,6.25423854649081,9.36544716483052,-93.3579205203038,-6.57890536785683,-37.6134635303035
99,open,31.9292012738261,23.08666970422,31.6782064087278,20.8352937544485,148.978700000229,123.539165623748,230.253466043428,213.927956881356,49457956389,47801982273,0.446327476258392,0.295265437788595,0.342897475718828,0.403995421982905,0.853741677378339,0.903087995458726,0.768264321509785,1.36824487487817,-96.5357626666136,56.3980270697074,-12.1830994156831
100,open,30.7166866358362,23.1874751038205,30.5523368547759,23.0314229416259,194.732042472511,158.632898162668,245.771881806938,221.84993439473,4683776547,4107513479,0.535008870481882,0.61242767987518,0.0213668604801612,-0.212774103960524,0.0629749843054307,-0.550303831612751,0.0399373947966807,-0.347427314199596,-85.9705130379683,-0.385320543286085,111.450886612565
101,open,77.1233999522336,63.0161579302688,76.6076164046673,62.4120164371165,64.0600209784237,61.2644427158484,124.638215222418,130.292690984471,10448294483,10051150966,0.501325082148338,0.445902435965859,1.30037315871086,2.62706175534723,2.13339247697883,4.2365164995619,2.59387213011236,5.89156179346007,-96.0487757238607,16.8716558741695,-48.5450307406429
102,open,29.2159563526717,29.1587725071574,28.5331400289285,28.3663934461262,-7022.58911978739,13832.0171135149,-5920.07850972962,11966.3633156248,8553901884,8476188360,0.768217713636801,0.791005527276886,-2.01662334147952,0.764339975097014,139.602548024354,106.487976135952,-2.62506748501368,0.966289044437312,-99.0831548250303,-1.99043446049558,-366.257519113124
103,open,154.753761487332,153.760518091493,153.87661542428,152.973367278558,211.12938985866,205.892896432198,147.265192354465,151.660643085377,5616996530,5504479431,0.665754044893455,0.694164047281368,0.104642649654619,0.304141040217469,0.325574037402351,0.930345837160232,0.15717914214305,0.43814000654256,-97.9558993650457,-2.13225098404043,-64.8907458709649
104,open,104.70916596998,95.7633641700665,100.451982259347,90.4105324439686,170.623114265055,129.965096772319,200.58198272946,185.249453962569,25757574056,23245447474,0.96816776190889,1.02281141619636,2.29636448181819,1.61887269505527,6.21449307557297,3.72284215980449,2.37186629442252,1.58276752627141,-89.1930384011329,4.88710461802665,57.1792344951148
105,open,27.972802539102,25.4925880314037,24.2660859942355,24.0772448668146,inf,inf,inf,inf,2670678722,2623767450,1.39565878789369,1.39850164350503,0.541423230015909,0.715417442959741,inf,inf,0.387933809260798,0.511559958675993,-98.2120644114249,1.58102242175969,-22.9675577449977
106,open,51.2333817144058,47.3120981879186,49.4437211385701,45.318073934071,335.484896105048,287.674223967498,312.237067111347,296.101330363064,5168701778,5100121896,2.01120310563215,1.84163352475292,1.4856812851314,-4.10465289396683,6.46991760100663,-15.9126812532453,0.738702760039958,-2.22881091096424,-98.6553285706017,10.6760466610325,136.681757405542
107,open,29.3374880500129,33.4851520570105,28.423898908392,32.7910733327764,141.020507916883,129.156434455946,207.442180768759,206.806561322374,24254469635,25279947462,0.914587441359239,0.67386624484117,1.48181109877318,0.988281606896324,3.57146863663185,2.26471089274754,1.6201962018754,1.46658422863911,-104.056487176413,30.216838400956,43.855922406327
108,open,57.8234423049078,47.8524799056781,56.6352354607971,46.6018070949892,180.663550894846,182.92080834628,241.498886186634,250.588830001774,8350412775,8240778547,0.577298726409366,0.51336395910555,0.758725115837163,-6.73755828813197,2.12946485163962,-19.0619543715848,1.314267780489,-13.1243305429369,-98.6696132243487,13.950156014214,111.410945353839
109,open,100.8899197482,231.765434014417,97.7778148501118,222.947710345445,309.170993303259,160.209774573528,315.66406966954,170.934008570427,9383144178,7374632525,0.339056142551794,0.605863654202892,-5.77452875839206,1.34085083785243,-23.6276966792951,3.48902494254306,-17.0311875636052,2.21312308231548,-72.7645866259621,-28.7959458282053,-647.95398031824
110,open,123.747107130891,135.371978148949,118.293498693719,130.215845816821,663.604396323359,544.256103734705,274.853356126232,246.719392397368,13267029866,11534857211,1.58067296190709,1.60158908004362,0.511705405698828,5.20935010298152,3.90740497414053,33.5615560033686,0.323726297615323,3.25261339996127,-84.9831460995621,13.5147794083913,-88.7020943642007
111, close,60.94413552797,0,59.1753189810611,0,161.872136800719,0,216.079880754175,0,20217029417,0,0.107781446277548,0,0.912113452458751,0,2.38857098800054,0,8.46262027427211,0,inf,inf,inf
112,open,201.722247818706,110.406004726265,195.712425116646,107.263778071137,136.229334340112,155.205800263213,106.311268189899,131.445785609436,13581837796,14554872757,1.45931735238638,1.23806467537365,2.12267038769162,1.76690038651363,5.01437012707858,4.50923227125591,1.45456393307492,1.42714708016395,-106.685286620125,9.99084553245525,12.1038742983278
113,open,49.4270495698656,50.3858252579274,49.4270495698656,50.3858252579274,712.327805571965,861.043958419233,460.245188011974,527.199854136177,3172954480,3267279338,0.955673204615277,0.788641099654884,1.59562207145184,-3.82352560269519,12.9616817582467,-36.7457618033147,1.66963148463934,-4.84824542414592,-102.886954197731,17.6813327791539,140.526920808059
114,open,57.3461353053963,60.5726067185775,49.5756420965561,52.9789012590268,282.341099228283,316.202314990308,302.156071641081,319.032529979635,4225438980,4261312524,1.08531850340435,1.05349447282173,1.92389482808245,1.45648155704245,7.35584063368655,6.06190995781755,1.7726545912999,1.38252415614611,-100.84184259657,2.15353356831036,30.9799394769029
115,open,75.3234422908171,781.19972163211,75.3234422908171,781.19972163211,311.565706847672,171.801822830211,337.450915436015,149.171191536377,20820662894,12337489530,0.366704615692146,0.579702788935214,2.49628292166325,7.48451144582248,10.2738444514611,20.3430385396813,6.80733979023301,12.9109460721586,-31.2406843922971,6.75266904970577,-43.7142957863706
116,open,69.7678808479291,64.1009879687302,61.5828316751592,57.7599826247212,107.796098324065,75.5006239155808,134.380262100362,129.527171974887,3306124113,2786803800,1.0304529786417,1.33406468729517,0.0945424882178342,2.50854602681394,0.196455601775148,4.40251392826798,0.0917484739016972,1.88037810362857,-81.3650206376208,-8.36443763239197,-95.528865717949
117,open,18.5831490982539,19.0577420602585,18.5831490982539,19.0577420602585,227.843408475137,235.333056003463,285.502928167659,290.483889207799,4613835067,4537959303,0.988537932927371,1.0902607537113,1.17168490453107,8.52803267195805,3.84129172760332,28.5973125758507,1.18527055513322,7.82201197550971,-98.3279761026098,-7.81411511151015,-86.0310601288606
118,open,42.9573290378745,90.6677691762466,40.7412741504768,85.20293363105,412.844816320229,456.994383370577,434.057436032527,447.343042936736,9172750262,7814107507,1.00623429629791,1.12844976846055,4.20479731796278,4.00417808073037,21.5640850819442,22.3030470098239,4.17874577862521,3.54838841093736,-82.6129503109228,4.67357842566227,23.2684315594087
119,open,192.732303330994,117.948309488899,187.174454385571,115.793130839651,80.8833119988102,45.3974118734433,95.6353749893956,91.851932017004,5428663958,4263862176,0.669817378296452,0.820442968276656,1.26439115648057,1.54117441623423,2.28707260046211,2.24082771366022,1.88766550025366,1.87846623814873,-72.6820020460249,3.94361448257068,4.45264921225611
120,open,9.90439891308794,10.1374249064736,8.66161789081191,8.30244481323196,188.770110100483,193.299814344418,270.073565367456,273.704190820899,2416073842,2469954106,0.782206291524429,0.629459773452163,-0.225522039321843,-5.22285542418091,-0.651240241250539,-15.3186252625999,-0.288315297084004,-8.2973617131037,-102.181427738642,21.5555081957695,95.7762101172095
121,open,9.90439891308794,10.1374249064736,8.66161789081191,8.30244481323196,188.770110100483,193.299814344418,270.073565367456,273.704190820899,2416073842,2469954106,0.782206291524429,0.629459773452163,-0.225522039321843,-5.22285542418091,-0.651240241250539,-15.3186252625999,-0.288315297084004,-8.2973617131037,-102.181427738642,21.5555081957695,95.7762101172095
122,open,194.68914363497,197.153313517103,193.490681632858,192.860911360141,120.59331671394,117.890598088272,150.168589057523,144.507240978681,7601260452,7764896763,0.827413392517707,0.78698907616114,1.05266615326866,2.17644941276343,2.32211118142037,4.74227864255893,1.27223726711207,2.76553954646988,-102.107385532538,2.92094603656951,-52.6530498248363
123,open,25.6447627264476,76.788554703267,25.2073657589365,75.6709954793463,611.30896630209,422.60554393518,610.223179447359,437.692506107332,9935804206,10468115616,0.878068414908135,0.785665491258938,0.318894569005963,1.14876608561905,2.26832566238982,6.00351525029232,0.36317736020527,1.4621567300586,-105.08507385213,6.07796788966374,-73.6518558085333
124,open,62.7862829029563,50.2470210636036,62.7862829029563,50.2470210636036,96.0894868750541,108.788459847693,143.956183292143,160.232338956993,3033176818,2772289871,1.04124728280183,1.08991869342656,7.22129157456854,2.26145619387865,14.160193594323,4.72165955732949,6.93523209504777,2.07488522540057,-90.5894780437987,4.52468554206065,249.370145886566
125,open,77.0677396536568,63.3372487607113,75.8914767221436,61.5619803043143,49.2461231264079,53.6226291267105,131.985501204888,138.342985167284,10913595655,10715343890,0.712307883464462,0.750131430266211,2.97905783096378,4.86554167884947,4.44612831840709,7.47457304830444,4.18226149130133,6.48625225198571,-98.1498329215079,-3.28537904826074,-37.6395152179852
126,open,104.796071238072,67.3744110168544,102.687706144013,65.7915215644328,147.356948597198,188.420434823478,198.221786949558,241.300032985831,15552712179,15838399186,1.03134868120676,0.88784925154746,5.66544716354839,3.36024582882362,14.0138772281398,9.69163563063087,5.49324129344825,3.78470311594784,-101.80376188051,14.0672929638529,65.5609818642201
127,open,71.0959215907548,57.5043050588609,70.9965744871801,57.4334947851669,73.1380823918921,85.8545393750473,121.139888681571,136.48448314594,2397131200,2356434342,1.00773939824403,0.952089813415221,4.86593070083106,4.5029430741508,8.42477910593726,8.36892410878357,4.82856054780616,4.72953602769721,-98.2729475090972,7.67299178907773,9.92739185668851
128,open,131.339162957062,128.781923089293,130.158898992631,127.359399473024,408.012220678723,303.635133958196,279.552779842235,234.184518691704,4303532419,4645996970,0.629230371321155,0.555197697427685,-7.06180621896228,-6.12636544616601,-35.8748385929785,-24.7281633754008,-11.2229265159834,-11.0345656593145,-107.371174652316,4.98038885717365,-6.77241190448595
129,open,218.088942615456,179.275149707813,212.095480087645,175.440226635151,230.507855870282,218.180646173226,229.035427531924,215.390149187372,11726241075,12201664461,0.907971438835526,0.908204207829183,-2.44645070116811,1.76478337597518,-8.08571175735419,5.61519914923551,-2.69441371890032,1.94315701332569,-103.896381411893,-3.92101237307219,-233.22471657449
130,open,82.2622545951364,83.352060874995,79.7175730834876,80.878501246092,255.507184263983,298.498901685065,248.173915122243,270.772600014679,3275525011,3202279551,1.82010868516614,1.91992872579787,4.34779464427054,7.66364781998385,15.4567223174264,30.5395523916471,2.38875550658321,3.99163141683765,-97.7127087490807,-3.03078198356165,-41.9696536787588
131,open,116.650696535629,105.294103104289,115.66937510842,104.382110210226,103.760898961486,109.374829656606,179.526936064619,183.617150520742,10319591931,10558029224,0.349165416044783,0.339704121281186,2.06890929823144,0.0988977656574822,4.21562818477415,0.207067028379543,5.92529844927736,0.291129131093528,-102.258350379046,0.463908492163249,1944.72372435213
132,open,28.3524416026099,26.0391758058172,23.911316773193,21.4624984202483,460.248243023584,515.048353973064,505.230313322836,561.244458875702,9960011401,9965387116,0.934754793359498,0.718723693282363,1.58157079001119,-6.81816417255978,8.86072256321189,-41.9350065145101,1.69196328411116,-9.48648866913191,-100.053943865275,29.9874429109823,123.183918567944
133,open,50.946643126544,55.8874235812819,50.2081731579495,55.0982105407399,-122.881143126335,-115.739965819015,-0.447024903601684,-0.352113372208973,1528395685,949458045,3.03051257371222,3.68838387166439,4.21262894366258,14.4256242517804,-0.963897657980839,-2.27058832640984,1.3900714289076,3.91109622905677,-39.0244104993602,32.2634967011413,-52.9912594617978
134,open,100.803374941294,88.086830641712,98.0164868442632,85.7562400500115,52.9703228804474,61.5878289547364,124.324738436309,133.256313886995,6853219966,6911151195,0.818487047231602,0.813982671956289,2.96317837465426,5.15031616234233,4.53278352723221,8.32228407103387,3.62031187259068,6.32730442524568,-100.838228355385,-0.289492064256127,-42.9483534470835
135,open,41.757077904361,46.3673595248264,39.4813821936241,43.8368744406124,410.020448200488,391.485317264462,440.251955226006,431.327906735388,19126654289,18207112140,0.892904727923166,0.911960693234902,0.238756670717174,0.178229939764627,1.21770784210029,0.875973984912435,0.267393220408302,0.195435988729306,-94.9495442114633,2.85536354789692,40.7254982777628
136,open,46.2645158218095,47.1038849178065,44.4548833161277,44.7277443820751,-1626.01828449115,-1275.22728884411,-930.620984219307,-698.090138935809,15256731663,15189905469,0.603843952328416,0.642010894004728,1.91872057178489,1.44222104901896,-29.2800267537305,-16.9493753335246,3.17751062072631,2.24641211307598,-99.5600618177883,-5.53112134087587,33.6245756155782
137,open,112.895171214304,178.202671285129,112.295305889099,177.107224015911,146.343911274751,147.696348374768,199.485837780012,200.805170324771,5813354385,5549831070,0.853319851409678,0.885756722681651,2.05173464579693,3.37475747707759,5.05432337543532,8.35915103722564,2.40441452569922,3.81002750604074,-95.2516876338004,0.912374758080586,-36.3166855602911
138,open,130.222586871207,124.106235717044,100.376855470265,116.819343878723,160.923182415968,157.288470144582,151.488103557598,169.380222425884,3393626461,2975967353,0.749841316433559,0.820536346791033,5.02806381200008,6.37654078458568,13.1193841121762,16.4061042328058,6.7055038203481,7.77118626069785,-85.9656018209014,4.20952537170214,-10.0809905907646
139,open,87.9641682174012,79.8347260234605,87.4733502932909,79.1733111334975,96.8627796582754,101.729411076984,128.494289060809,138.494816579525,2155606791,2041749152,0.671469108393619,0.727598377374029,3.84377421457103,1.95893873450719,7.56696076259257,3.95175557248027,5.72442449923964,2.69233521599812,-94.4235246093542,-2.56803203196891,107.159175845256
140,open,128.10387560713,143.966162613204,127.478316305063,143.112508640483,415.459647674207,356.872615961017,292.406960904623,300.308639335006,5855913023,5283532100,0.926175176218972,0.995704270822922,1.6179752777725,5.43210539025589,8.34000966626188,24.8178019982215,1.74694303984451,5.45554091654785,-89.1666992427282,3.09391540016031,-66.9878384721947
141, close,91.3324794523982,73.6075076245608,90.9686206201798,73.5047353226416,116.765786056749,5979.20283422311,172.956407471338,3130.44483043325,12354607591,15202507641,0.715965465098518,0.580614679725258,12.5670709778839,-17.5363058447681,27.2411101895195,-1066.06760193317,17.5526217261815,-30.2030011591614,-118.733094021406,0.211551942871594,158.238433147007
142,open,266.430584341189,56.7948987907199,256.67607122382,52.5298391913775,211.133260286689,180.955876571003,266.769488239718,258.614786600736,11394767129,10456889041,0.607603633283518,0.44644662974769,-0.522645740152361,-5.61755375520198,-1.62612473108554,-15.782847394775,-0.860175468879209,-12.5828114289423,-91.0310027741261,48.3043083271147,89.8617468224423
143,open,78.5936452532057,190.66261677744,76.5740346590587,184.495488189799,81.1291663419418,90.2850185681689,157.582004919106,168.214908855049,3968230195,4055390017,0.687390711465518,0.601542722099175,1.50218548498293,0.342527868879942,2.72089604585924,0.65177921889935,2.18534446265687,0.569415697832131,-102.149234022736,11.8153460619346,329.132966103348
144,open,28.1806372110824,117.478774019771,22.9979101150717,106.250770447053,333.770490339302,84.9192475607687,414.315912207121,150.949361883759,7045044874,3511114620,0.312356154766488,0.777913031218559,-3.8975972461634,0.108636726875069,-16.9066266861341,0.200890217912024,-12.4780548956276,0.139651506679217,0.64981171135905,-19.4328914344008,-7298.78236453822
145,open,215.17174174149,81.3177632124859,191.334521436914,74.4740392762328,81.7835772539739,81.4105375850088,133.219189741579,156.131878806475,7632041698,7209664180,0.759622806636296,0.467370836681605,2.93756668099378,1.40706532880426,5.34001379693133,2.55256477715608,3.86713860527923,3.01059719257327,-94.1415091264348,72.0529344847441,121.003509449509
146,open,180.355254828627,182.2228504098,171.677632396558,175.314177231403,116.914777707243,125.401779182081,164.761417471618,177.12567198162,6580992280,6525313445,0.71808782763076,0.706437446852793,2.11118674948514,1.32025113775971,4.57947604463047,2.97586955418206,2.94001188747445,1.86888611814321,-99.146725510287,2.5165201963847,61.272420568534
147,open,123.802181567275,47.4516917062582,123.802181567275,47.2117555242873,150.25487071533,346.813025593134,208.491098252637,381.272172449248,6987995889,4961915600,0.655943152058142,0.815305659370748,1.68010595405203,7.34876586776285,4.20454698319347,32.8352431175067,2.56135908848257,9.01351018884698,-59.167377030758,13.304983917759,-67.8022497065321
148,open,373.713031687622,222.9466462867,367.549323215012,217.296831036561,53.8243079461326,72.6532809395461,102.851747411205,128.522213195336,6633071138,5889669316,0.597168894708151,0.675955152895379,13.5810197758805,6.26280772670803,20.8909096822756,10.8129430190968,22.7423429053816,9.26512313706315,-87.3778682280097,-0.504591670204225,144.223272618525
149,open,55.5580863323797,0,52.8590765192347,0,170.676635322776,0,230.977857741333,0,2799286675,0,0.982538077490759,0,-0.394376399480414,0,-1.0674847686207,0,-0.40138535952478,0,inf,inf,-inf
150,open,223.27077367535,157.576392159731,205.848915138321,144.876662987187,267.188639858067,257.521936086507,253.561068015467,252.308508907926,8817394666,8742415477,0.582258212711832,0.572533572348314,0,2.27823590086738,0,8.14519310139892,0,3.97921800729156,-99.1423515709444,2.57074335702598,-100
151,open,689.987723848221,216.170657226805,686.921691296281,214.008852121689,160.794175315789,116.243576495659,135.770421596711,127.195145357636,11718699898,9531791844,0.558885934617864,0.532474809360724,5.29346907420907,4.08012539892809,13.8050590176799,8.82300908814987,9.47146590444875,7.66256981025373,-77.0566952175252,29.0413792172732,59.5040637520761
152,open,128.513131256903,112.390406314143,128.105511109614,109.662537979689,193.217011782754,200.68221560749,217.856108488441,232.889407091908,9673937329,9511248117,0.47416177498373,0.367598741720429,1.40603341094892,0.21724018494554,4.12272915225157,0.653202601284059,2.9653031626119,0.590970969946242,-98.2895072234609,31.1953016043564,558.296028995483
153,open,119.369069968626,0,117.611620252696,0,134.910422830823,0,125.985901201227,0,9516899723,0,1.50961910960129,0,4.52101144829936,0,10.6203271094299,0,2.99480274166205,0,inf,inf,inf
154,open,0,0,0,0,0,0,0,0,0,0,inf,inf,inf,inf,inf,inf,1.89416763460525,1.60932642094003,0,-7.09847947113135,9.34453762873737
155,open,205.75169174676,136.516646458883,205.251973242225,136.340185416825,152.162925041517,156.803141317132,201.340259614426,220.284315752244,16247821887,15777321472,0.381770737834283,0.285869652716676,1.84419132659095,1.17351333259314,4.65036679249369,3.01361910187454,4.83062514705217,4.10506439365287,-97.0178688706128,37.5296881336979,61.8377463194219
156,open,105.355427140864,43.8481636107977,105.355427140864,43.8481636107977,707.801780180342,961.314567639003,710.492073579649,891.290569446461,25528665910,32685745408,0.996316715361018,0.810474058839001,0.315418421330267,-4.8838895184238,2.54795562252263,-51.8334309264261,0.316584492127058,-6.02596648857576,-121.896638454047,-3.98744563695411,105.044184334326
157,open,45.578735403086,45.071150418858,40.9523464021674,37.0567498973786,193.558099747673,143.172054500367,269.280704359486,227.070282223343,10551433707,7423247216,0.203405474232015,0.285454526616428,2.38121860949868,0.141360818179169,6.99026010088228,0.343750005824814,11.7067577384006,0.495213089996358,-57.859594326085,1.28456173505882,2294.3507367326
158, close,32.6792884932917,39.7632069506495,29.3032704393816,37.2303617693603,121.162948150986,127.350558694913,208.077786593579,208.217448542906,9348482216,9598125016,0.383066355292514,0.287758363471602,0.0560152426779778,0.0456892465214792,0.123884962120545,0.103874757230079,0.14622856302586,0.158776433012305,-102.600953827793,29.6584299967243,19.411713331164
159,open,81.4374753307547,489.38793031235,81.4374753307547,433.445027805948,103.472690049195,61.2500513664075,196.288735825373,154.865481075826,4944331573,6186877054,0.429539467295755,0.400096921014393,-28.4537690530813,1.15429143615887,-57.8956493126897,1.86129553372422,-66.2425020737146,2.88502954042314,-120.08356510328,-14.2026317356291,-2069.97370929459
160,open,265.767580896824,277.127850821244,262.178429775451,272.410157724829,123.556738022377,102.831711975148,170.565428748817,159.821029019693,9981882037,9052037891,0.708032640818915,0.84415679066008,0.0220527951726986,1.92770460200452,0.0493005095308412,3.90999624606949,0.0311465798345005,2.28358596807256,-89.727792159106,-7.50969086504719,-98.7384942639927
161,open,178.583249264735,69.9219524074602,165.916715746229,65.7795023916384,106.597226752859,99.5963649038609,120.504968578634,129.956642036223,3785278849,3529933576,0.840685341012773,0.882534691638628,1.68194094912768,1.604634528681,3.4748433565185,3.20279218923948,2.00067833596509,1.81821127699992,-92.766286744428,2.1487445767629,12.3999080337738
162,open,317.408744083348,374.028638382893,317.408744083348,373.356949497258,61.4949702647416,55.5014989876963,58.5298005974513,63.5179411811275,1977983093,1930640091,0.763352672398196,1.06370816268313,-0.620609146935716,1.30511782685238,-1.0022525573041,2.0294777843111,-0.813004485837421,1.22695103096728,-97.5478079927638,-26.4768690272106,-148.718028499121
163,open,110.008499276648,65.9858965594375,107.758030048365,64.2594063340331,357.776141413082,289.961590244554,405.448738045636,356.844807395269,5712055219,5495022233,0.776121763538575,0.683087174508253,-3.44768631341202,1.3164410248529,-15.7826853735645,5.13361435514808,-4.44219770064554,1.92719329827938,-96.0503711032028,18.1072816315744,-372.238335076037
164,open,39.4484097036881,27.5354006815743,38.7164597383508,26.7017909278013,125.273392308892,118.878813584391,175.855031261172,186.145055938427,2603952900,2362656047,1.47453843731198,1.61242517201659,2.93677301152413,-1.01209645095666,6.61576818747243,-2.21526470418367,1.99165578679505,-0.627685841502264,-89.7870511746139,0.788075101359502,419.801945086302
165,open,147.051806036905,141.802704361123,138.147287964279,130.357202676951,67.9412045501879,67.1181840089978,72.1043983974771,72.2613643854265,1891230120,1888744546,3.50650111896484,3.46524102682968,-0.451328630489451,7.63227903452011,-0.757966738523851,12.7549261209895,-0.128711959636473,2.20252472351189,-99.8684007318372,1.32385082568993,-105.921200910242
166,open,220.725185953433,214.947128023269,214.112986642499,213.734949600883,53.7139456668375,57.6701470185998,104.729558594558,105.953142286567,4855564448,4979695569,1.03025734156623,1.04624908246073,0.0109539684972996,3.92518914643716,0.0168377771843016,6.18885149794559,0.0106322644405009,3.75167750418027,-102.492745174479,-3.9831271309781,-99.7278879162839
167,open,141.368280438775,274.900297754038,116.49922799938,254.100796725227,49.0702016229366,47.7417759884886,138.879123079782,138.827396400474,10607065904,10477339136,0.398440399564807,0.390999733885105,0.224635994681758,0.092709187646935,0.334865330189786,0.136970200334082,0.563788197499838,0.237108058171153,-98.761834791104,3.16471215014571,145.301857546892
168,open,148.881354278708,327.940713339499,146.553185731256,327.940713339499,142.212991701216,118.436424279779,206.60741694165,176.788502998689,8588501022,7304739972,0.569003424169355,0.676547191678735,2.11275352398741,5.22183956529753,5.11736351772278,11.4063996280627,3.71307699434615,7.71836706962074,-82.4256434189195,-1.1152328884225,-52.4294775641816
169,open,753.463630642538,371.149135974326,739.024849100892,362.332252070466,42.1141025434352,45.7166283139877,119.022109160078,122.413100300267,6004925221,6096485148,0.319452642522757,0.293994936014564,0.693267400806489,0.707570935593133,0.985230744882342,1.03104851027605,2.17017269079908,2.40674531740261,-101.501847782407,7.02733671562334,-3.49298630406405
170,open,694.246270051738,662.256749434114,690.774118365227,651.840621978615,74.4829795746332,71.8703018073752,121.013348226805,127.849363146531,4912514099,4616903273,0.276624932491619,0.319289775599334,2.62996181581035,3.28161860972997,4.58883573790103,5.64012780870989,9.5073202264226,10.2778693854825,-93.5972055613824,-7.81519460417199,-14.726444554107
171,open,102.048195418369,47.275619433801,79.5306475247565,38.2986661242383,370.646344459232,381.675990194865,386.90600635759,414.734306298541,2553372786,2497424034,0.884445554672721,0.918951743378634,0.941438012177514,1.21258174774176,4.43084358966313,5.84071514035733,1.06443862734533,1.3195271204161,-97.7597415882,-1.59881330825361,-20.6215450438902
172,open,24.09445270975,264.554782758621,21.6368271536057,264.541989655172,-1314.73499402959,205.168510344516,-1185.15693996246,296.782312585349,6767179277,2791825267,0.164695218255557,0,-21.7511319820174,-0.105815361545691,264.218611783128,-0.322915162544648,-132.068995156047,-inf,42.3926510369246,inf,-49725.6062934554
173,open,1393.0643173061,1969.15121093929,1389.21845634001,1959.22259808118,96.2939241649648,94.5183887062961,145.394139412056,154.230940910437,5439428769,5140038791,0.507098947911602,0.492634532337326,2.36457912148826,2.82844141671771,4.64152514755476,5.50183866930082,4.66295410634624,5.74145990801343,-94.1753362148897,8.9318189163867,-11.5305026132838
174,open,215.370590599326,219.912402058103,200.00383973762,202.113550474594,42.6149988474847,43.2697818762871,132.521385070007,132.77146219526,3120894457,3089000769,0.559783726451086,0.525073149310051,1.03376087991815,0.763955232281783,1.47429806698102,1.09451699492259,1.8467147776374,1.45495010225837,-98.9675079294226,7.71136360376261,36.7140815192166
175,open,160.867857270447,161.805896456117,154.211735433334,159.699018969447,124.422076292456,144.551923045888,167.053080219293,162.760451982941,26150410999,23942753314,1.14104485291421,0.922869069075687,7.27301276860517,4.6994983210309,16.3222462643192,11.4927135175903,6.37399375671345,5.09226983383217,-90.7794326907711,35.0414379857652,69.0313574705284
176,open,191.510956208967,267.707816287782,188.708971081332,265.512221268729,40.5467974811453,89.0469140095929,126.675298728344,161.004146424195,31870828598,30371209827,0.528108347991185,0.462242841163326,6.13470903960964,1.14067006211922,8.62213708995767,2.15640155146769,11.6163833859942,2.46768572823864,-95.0623673553273,19.8903149665065,464.371648699608
177, close,191.510956208967,267.707816287782,188.708971081332,265.512221268729,40.5467974811453,89.0469140095929,126.675298728344,161.004146424195,31870828598,30371209827,0.528108347991185,0.462242841163326,6.13470903960964,1.14067006211922,8.62213708995767,2.15640155146769,11.6163833859942,2.46768572823864,-95.0623673553273,19.8903149665065,464.371648699608
178,open,173.513000195778,234.759236927489,161.852400025299,219.239846288843,113.22801829383,116.118911119352,180.422082032074,189.894062722801,3511710033,3245450565,0.472992330913217,0.483532450293231,4.13560349901475,5.13108179172034,8.81826538543943,11.0892380969093,8.7434895424838,10.6116596489205,-91.7959166942356,5.8454330129948,-12.7885300427127
179,open,271.75031117009,256.092536687727,257.498068154982,239.958192585187,156.665211493177,161.459835075518,186.520095096735,194.440585969693,7024092248,6987057526,1.08939114405549,1.10581605507737,0.916124856109663,1.81614570264811,2.35137379947543,4.74849155887483,0.840951260810875,1.64235787164532,-99.469952524905,-0.963145789031521,-49.2892694988449
180,open,61.7447963551154,45.4755881127362,61.2956023377848,44.4966076694204,124.19947622018,128.863757950656,199.146741798655,210.987582965641,6439924785,6484028880,0.715747365673619,0.537947071574425,0.60977841063403,1.67872901269373,1.36712000274524,3.84200230425881,0.851946426739752,3.12062115661405,-100.680195844532,32.1466217400184,-63.9232586888912
181,open,200.891608447408,156.390843332188,200.891608447408,156.390843332188,27.0497716694983,32.3245241370063,96.2528979680944,107.885857331448,4645249782,4521006075,0.908565009002136,0.91793895233817,5.4146672149825,3.28979650840217,6.87932233329845,4.35320757481902,5.95958149536196,3.58389465881409,-97.2518571101456,1.69888436685699,69.1128917199337
182,open,142.233124094895,159.934827385823,139.942379287428,157.721071214532,98.3331630824142,98.7560314498392,115.945201797852,114.018508115617,40518984357,42937834453,0.987154342260554,0.964475998465418,-3.42362322504845,-3.63445957599048,-6.79018023426275,-7.22370761788734,-3.46817420385191,-3.76832557966532,-105.633377013104,-3.41447397944867,11.1076198889126
183,open,88.7363752808107,85.6770446905437,86.4574563569609,83.1960374593303,-163.875818349043,-172.441514141148,-20.5575101319919,-31.4804302540472,12900516362,14595372848,2.51364472258789,2.30029584462452,-0.375507015693516,-1.74798967903694,0.239858179232304,1.26627019052536,-0.149387466064384,-0.75989776842042,-111.61228632972,-3.4144627404769,81.0123555176905
184,open,1185.57753808858,985.204848288641,1137.32547287054,947.202065736111,1.95758995373691,2.48157004084699,78.7488431743535,78.033021684744,30680555893,29178407379,0.415260087445378,0.4097860438951,2.18473954754168,-1.9563254518505,2.22750778943967,-2.00487303816508,5.26113540307206,-4.77401678508917,-94.8518488535426,6.55275134498032,217.424901845069
185,open,435.356249733662,397.339263463989,429.378813898116,391.511981575563,709.090783843398,565.522532359871,401.50148415686,324.959673001157,29195969913,31023290745,1.28705434565023,1.27883302758248,-4.45423644384888,-7.58165170914076,-36.0388165577752,-50.4576004493791,-3.46079903999591,-5.92857045886059,-105.890157968798,-5.28514783224688,44.7102683977357
186,open,0,0,0,0,0,0,0,0,0,0,0,0,inf,inf,inf,inf,inf,inf,0,0,10369.3268743991
187,open,0,0,0,0,0,0,0,0,0,0,inf,inf,inf,-inf,inf,-inf,2.22915547201455,-6.74741870625456,0,19.9793364467936,139.637764604874
188,open,0,0,0,0,0,0,0,0,0,0,inf,inf,-inf,inf,-inf,inf,-3.96191865784845,2.85672465853348,0,-7.4047629846411,-228.417975482235
189,open,0,0,0,0,0,0,0,0,0,0,inf,inf,-inf,inf,-inf,inf,-2.31167837941677,0.417515535086081,0,-1.41097972904755,-645.86257864933
190,open,58.3171796081633,36.0042997367368,55.9214335351511,35.4905266418247,207.134291814082,251.844147078817,256.466640479352,302.267065826955,18885367625,20867791129,0.650461952074391,0.402140334888532,1.15390945692539,-2.47841156643197,3.5440516387035,-8.7201460370153,1.77398455550774,-6.16305143108549,-109.499920196369,46.3838701687931,142.13541421139
191,open,278.073412980731,266.158989125238,269.268582610017,263.076887721461,232.550281020526,251.717782326166,277.901161389011,295.713395898261,8086598390,8157959633,0.650514463350269,0.670860406180684,1.38785345317489,1.32694989764483,4.61531055868618,4.66711875257573,2.13347055502377,1.97798213371895,-100.874743762047,-3.8810275997677,3.67484816936978
192,open,30.8777880288609,29.5619398605501,30.0532070437597,29.2860428206307,112.023983844583,109.521295403636,199.450148274567,198.448822623732,8272489352,8140573222,0.529330818291273,0.172029544211377,0.197715733487716,-5.84424195969722,0.419204774828193,-12.2449314604805,0.373520162921857,-33.9723155489865,-98.3795228369976,212.683792649869,103.437908169821
193, close,0,0,0,0,0,0,0,0,0,0,inf,inf,-inf,-inf,-inf,-inf,-85.4936647246978,-79.3079446236364,0,-42.8334661715484,38.3746924750571
194,open,238.569836505929,464.739288758008,223.642652002701,448.416335074823,56.1792701317472,45.0158457608901,119.910779925061,94.1916702588477,17423438918,14678861124,0.991537326029957,0.99168937242682,4.3503542186321,6.74228138436334,6.79435146680529,9.77737637311356,4.38748406582998,6.79878354233435,-81.3025154280355,18.6792858039353,-23.4122586538378
195,open,137.31914276033,135.213679526182,137.076940334654,135.011014840836,116.476410411586,138.836261940897,141.445985701897,134.661946042071,4376047467,5000770629,0.984749469126359,0.934557756538127,-1.65258287405135,2.8554384632625,-3.57745208482299,6.81982248767875,-1.67817594816017,3.05539004228039,-112.492537817615,-7.79282893343237,-150.64487826121
196,open,52.5932602141122,64.8728801896386,45.2699659652722,58.5568451220868,87.2892797611852,68.5832664179686,166.982320987806,153.736111140567,550544822,508740871,0.744348793457547,0.730078555060696,-1.42040696552042,6.59343841080934,-2.6602699754009,11.1154338421994,-1.90825454142612,9.03113557452894,-91.7828597262436,10.332370723449,-123.312931774952
197,open,67.8652491249265,64.8953448831446,65.4887580414333,45.7094630838286,85.1121521791277,89.4527636635601,149.111171987505,153.243439565998,635044733,619195212,1.52201803553892,1.4025659972319,2.68316232141713,3.3590571433553,4.96685951963469,6.36382659112485,1.76289784928012,2.39493695839249,-97.4403030429118,11.2943767324805,-18.0769177697461
198,open,189.884449865461,168.279953002249,186.62792632537,166.365989096795,50.4333894241048,57.6670631831893,132.310377773018,135.292568907891,6368216322,6516034626,0.393046934877662,0.421220230943567,1.5776075579111,2.85909798969813,2.37324852117651,4.50785583388664,4.01378923970526,6.78765590934111,-102.26853159144,-8.80529642883215,-46.0732357678401
199,open,596.666972231575,474.776789820988,572.927187435573,450.120787906977,8.62112903249884,9.12701304885916,80.8182130672627,85.98493524435,6831785827,6393493715,0.556422122452464,0.586753419996128,6.30569480526545,5.35860426665016,6.84931689082296,5.84768477730405,11.3325738694082,9.13263405722548,-93.1447166207154,1.3315671403387,25.7411019345779
200,open,78.094915124337,77.596830598852,68.0317999002362,65.2156609271849,1509.75832402143,857.986484275723,1415.57663730562,855.37098915214,5563667920,5681461975,0.864761171619315,0.850977032192493,-4.44745336274491,-7.74571837207447,-71.5932507137573,-74.202935114535,-5.14298457042978,-9.10214738947545,-102.073305348488,-0.487087199678108,43.772238221241
201,open,70.8702948855424,80.7473440332748,52.7693910716456,76.2228529976773,59.6022467069337,100.726692525228,141.171040184757,154.516761231713,9886433516,9623745115,1.3431788149396,1.23351103433707,-0.786651716962803,-5.51759864434024,-1.2555138140313,-11.075293265601,-0.58566417830092,-4.47308414010708,-97.2704139826962,11.8629665766343,85.3536999639717
202,open,25.9829618883211,39.3982486815321,25.9829618883211,39.3982486815321,223.58763217122,285.369516913427,306.877183879393,345.407873670759,3773058280,3949491368,0.615835236979165,0.600847719082798,3.7409948250256,4.94388159908494,12.1053965739482,19.0522126351654,6.07466835346443,8.22817736020008,-104.467235690892,-2.08427080761389,-27.7111375468798
203,open,239.118527982642,110.789030357021,239.118527982642,110.789030357021,-309.312517685757,-284.61204747642,-177.995129003762,-169.198643255307,3579448781,3454626270,0.292814226191326,0.605391804074946,4.50326074940979,5.84036533132714,-9.42588845254413,-10.782018018266,15.3792416713638,9.64724876024936,-96.386801313822,-49.8846558670203,-20.1082082551444
204,open,67.4249056718031,22.5496739443399,65.8127722322186,22.2211514667269,706.221962547549,824.881261238488,723.448375245279,835.068004574363,16216118338,15901292481,0.389272631922501,0.182719730076764,4.19266572202293,-5.52835339674676,33.8021918671516,-51.1307046215522,10.7705124331926,-30.255919239943,-98.020124103898,117.261565987033,177.340846237751
205,open,93.9187606026847,126.888301972773,83.0718013418025,122.336679902259,120.408231120934,118.654482812793,216.043847567465,212.927123130377,9234349891,9290932067,0.194282864974452,0.182915742440548,-0.39230579767513,0.839158089175166,-0.864674269240623,1.83485677986767,-2.01925063091239,4.58767560396237,-100.609004302173,5.56755334010404,-146.465218356278
206,open,65.3751586012094,0,56.5097285884861,0,88.3604395964081,0,177.59623494158,0,7414408241,0,0.442265801587118,0,-9.21177223858775,0,-17.3513346832238,0,-20.828588160175,0,inf,inf,-inf
207,open,451.88757891768,376.650828893463,445.342015481582,368.721597102302,4.38421024341494,4.59320470787175,84.8950527906636,87.4136366135659,11090160317,10779065209,0.511826279850883,0.508106491222174,0.138078418726974,4.12101345883972,0.144132066904748,4.31030004304318,0.269775945790049,8.11053102062767,-97.1138952964098,3.63932193056953,-96.5527046226999
208,open,137.144825787786,89.7567676049787,137.144825787786,89.7567676049787,101.390975013876,92.4974045610958,177.899704006911,174.960197786798,4443345876,4071111857,0.713781820841534,0.74620891704966,2.05782728942796,2.3448982821697,4.14427844228058,4.5138683327744,2.88299201428502,3.14241525207296,-90.8566988067408,4.40039307811705,-4.21841946767638
209,open,952.477730403974,316.676872710112,951.346166608574,316.368397951946,185.738516817529,221.0497052289,202.536700146856,224.428272563358,14519208776,15000519639,0.843971779251175,0.826136267558404,2.97888851708595,4.00549223933455,8.5118318663691,12.85962102735,3.52960678345076,4.84846434738005,-103.208627931453,-1.1189924607936,-28.0161614154341
210,open,483.986877231049,379.36587438806,473.744963041552,370.632115219226,21.8671960472101,25.0962137977232,67.9804804659806,73.5945214107862,6445511582,6314270150,1.21710783080554,1.22490850902222,3.74574720607491,10.992623620958,4.56483709106021,13.7513559468526,3.07758040106915,8.97424055755221,-97.9215106594703,1.42841511676111,-65.2166553288837
211,open,0,0,0,0,0,0,0,0,0,0,inf,inf,inf,-inf,inf,-inf,0.0155885741451858,-2.20687252177385,0,-7.88343828585287,100.65067911178
212, close,142.249671075651,132.65367664409,141.404901216236,132.1149518322,101.837467537779,112.871066306281,84.1359410847429,89.4869648978163,31369152266,29481758913,0.711855574790368,0.759625463022319,5.39448317458717,6.26176220844805,10.8880882263383,13.3294799826871,7.57805847931412,8.24322315833701,-93.5980978659731,-0.289299280399808,-8.33518557576504
213,open,35.8347564193158,24.4412356527606,34.0875495070518,22.9721418068866,67.1128103979579,61.6722783315623,160.243605158974,157.197535172824,2505638747,2715830561,0.364188772660291,0.347053652954309,-7.20244453499425,-2.76759228205769,-12.036207479783,-4.47442949733114,-19.7766792270463,-7.9745372466143,-107.739503966794,-3.18431594268059,-140.100794382968
214, close,35.8347564193158,24.4412356527606,34.0875495070518,22.9721418068866,67.1128103979579,61.6722783315623,160.243605158974,157.197535172824,2505638747,2715830561,0.364188772660291,0.347053652954309,-7.20244453499425,-2.76759228205769,-12.036207479783,-4.47442949733114,-19.7766792270463,-7.9745372466143,-107.739503966794,-3.18431594268059,-140.100794382968
215,open,0,0,0,0,0,0,0,0,0,0,inf,inf,inf,-inf,inf,-inf,14.9632960063047,-1.69692385559839,0,12.6900300933806,1093.6888279834
216,open,371.212968060657,204.184156014421,370.186344546503,203.413029430319,48.401208608519,47.5791881574086,103.139139949385,123.917945264498,5427386618,4979994436,1.2549072395933,1.18526010658378,6.81195103687378,5.49419061640092,10.1090176685412,8.108281907505,5.42825064829608,4.63543030418577,-91.0162112076705,15.3877910798764,35.1231300294166
217,open,534.900055724321,533.226262957454,532.694436928531,531.092071512576,112.021836846737,121.674634876597,127.864046579144,133.505497763183,6886365351,6766651851,0.874611950283089,0.867523920139689,2.83801125903986,1.7659652459043,6.01720360133353,3.91469701090596,3.24488049599742,2.03563867797437,-98.2308311017611,2.60066520637921,63.5491116408886
218,open,471.290344413971,784.88822110594,467.553077408401,777.708859817651,100.992068962649,84.703004584035,168.789115843686,151.989675812034,4877520828,5089962175,0.741568980953617,0.658137829874934,3.54656404554876,0.48255232859368,7.12831245223386,0.891288649602751,4.78251401641432,0.733208617844349,-104.173731349978,7.97402180161581,604.284237947236
219,open,243.99084459483,389.905472863647,233.132382480566,361.658438999563,46.9039787126717,39.7132638969027,124.936120630122,123.674583268031,4763667214,4317008985,0.48972534083486,0.482995348688161,1.139040545077,0.993222950171831,1.67329587986862,1.38766420145817,2.32587626185572,2.05638201872849,-89.6535256110893,11.8840273033857,26.5467217743263
220,open,484.805513899078,1442.59452890066,436.351043829428,1396.47459122233,100.667658485992,100.553585250527,156.907240357124,149.067061167233,5985591763,6102928861,0.922919290645248,1.03140593465292,-0.304203272140195,3.65948109648136,-0.610437583241501,7.33922054055867,-0.32960983178444,3.54805123136392,-101.922635847025,-12.2387332560001,-108.152919583847
221,open,0,0,0,0,0,0,0,0,0,0,inf,inf,inf,inf,inf,inf,10.3772713281643,12.8782903089724,0,5.7073009257463,-14.8215083868602
222,open,0,0,0,0,0,0,0,0,0,0,inf,inf,inf,inf,inf,inf,3.00057426068067,5.0678547158931,0,20.2273365939453,-28.8158260570007
223,open,4954.04191269483,1747.01633921274,4935.40261236907,1736.09873553712,65.7715014433184,71.098852022632,107.760876125415,134.151936513113,6261080754,5307587001,0.580549257039658,0.578842980703125,10.7788983646129,10.2997219055854,17.8683416580681,17.6227059419802,18.5667249314499,17.7936370465687,-82.035268516176,18.3124603785094,23.4528332831452
224,open,0,0,0,0,0,0,0,0,0,0,inf,inf,inf,inf,inf,inf,8.76556670392775,7.95406151328618,0,3.31501830828495,13.8556299804926
225,open,1033.36608977183,1223.67726894488,1031.96091659849,1222.27209577154,0.567326338882198,0.561266426961023,94.7047683345296,93.6931767420199,6337548009,6405587586,0,0,-1.07364041902913,-1.18215116073818,-1.07973146391117,-1.18878617831934,-inf,-inf,-101.062191033789,0,10.1437834650719
226,open,614.973691687168,422.198361644583,614.369445368882,421.458209087933,51.9625848873163,58.5184263063944,81.2824060966761,89.4373393451932,6578762526,6587983224,0.787360355314336,0.707337095671997,2.63310521265044,1.42760040215913,4.00133474394628,2.26300969144641,3.34421868573664,2.0182744703964,-100.139962378265,11.1575162459914,84.1845835848616
227,open,251.604217087507,405.182188119437,251.083919213125,404.598390994667,77.7047300143218,63.2777129619361,133.585948110536,114.509741917966,6358548843,6935254201,0.986599529058615,0.862006500949597,1.74813951649313,4.90031399211001,3.1065266080578,8.00112061427097,1.77188359106674,5.684776143465,-108.315561928744,4.93635874376509,-67.2924654424407
228,open,593.082252530912,505.364917098233,568.12630784839,474.910072756712,10.2813375043165,78.0024690365641,82.0143884892086,137.341359812988,153291059131,130901932216,0.678447918551618,0.712294249554273,0.633424010835632,7.84584730426513,0.698548471223022,13.9658019184306,0.933636899038462,11.0148963145144,-82.8962594088711,11.5392818464787,-90.5457857931081
229,open,5.15386866416639,5.04231877799061,5.15386866416639,5.04231877799061,7.89026213883025,8.17363865073954,107.495001963752,107.761497734208,4831598724,5254251552,0.00892394887551924,0.009064324295983,-7.84389639225346,-2.64993886611693,-8.4628003795005,-2.86653529349883,-878.971462260541,-292.348197128306,-108.044015856818,-9.46809993818534,-172.192397149056
230,open,0,0,0,0,0,0,0,0,0,0,inf,0,inf,0,inf,0,82.0663105518705,0,0,inf,inf
231,open,0,0,0,0,0,0,0,0,0,0,inf,inf,inf,inf,inf,inf,2.28098053043778,0.334346681136928,0,-2.28399590132901,566.638299214834
232,open,65.6745401428459,125.308099013899,65.6745401428459,112.456862960808,55.5188625722956,51.5321401476569,147.42984751817,141.562264586565,5684089704,5946412012,0.241317989234886,0.336990410680611,-4.73729550415976,0.0311031761046429,-7.36738808475776,0.04713130840526,-19.6309256478543,0.0922969174162096,-104.411438485437,-31.5492704615502,-14659.0039161449
233,open,0,0,0,0,0,0,0,0,0,0,inf,inf,inf,inf,inf,inf,10.0479335282615,6.81622091818247,0,-0.465917289441113,46.7252688662638
234,open,442.687571535824,286.569504815377,441.367890837003,285.622045373687,100.122594203066,84.8985199331821,147.272282524901,141.879831661894,3177122525,2910249771,0.698122497180055,0.7022359078471,0.41562964273781,0.385240714103642,0.831768823323839,0.712304378557655,0.595353457905561,0.548591591228516,-90.8299020702852,8.53062415697191,17.7817586226673
235,open,61.6659252900473,56.6039606046516,57.542216481385,52.2588692836708,147.095889309456,158.764501391882,183.529050605048,198.166772842266,19628714083,18425788770,1.7648672772203,1.79094693469668,4.25452117988345,3.2706858714304,10.5127469452921,8.46337398730163,2.41067486195585,1.82623270855557,-93.4715125196781,4.97722629488984,38.5726798788424
236,open,190.978105374593,263.128743381008,190.978105374593,263.128743381008,157.948820549965,132.338819230153,197.924370585267,183.77711097923,9458704670,8683801141,0.995444706066713,1.10044969879395,-0.747113885732517,-0.242671482889039,-1.92717145641204,-0.563820057952697,-0.750532783166407,-0.220520286529223,-91.0764477857359,-1.46994130081296,-235.343474947147
237,open,979.773300682731,382.705197033555,976.330899402864,376.890898894889,44.3216010471131,22.2416264621533,3.02847638247837,73.8977607158466,6274726449,3998673960,0.618411335783158,1.0111344411786,0.346396901548815,5.7990568453348,0.499925554292842,7.0888614072021,0.560139961066751,5.73519861372274,-43.0798181655201,-4.02738220796446,-90.6266370156952
238,open,173.989629191018,0,171.767086202018,0,214.028696463192,0,274.837319761,0,6173869324,0,0.511892956774218,inf,4.53687940739447,inf,14.2471032631478,inf,8.86294555796275,3.87573450885683,inf,2666.71989339888,6226.87500479992
239,open,66.7544862706225,67.6894568185772,62.4757376660509,64.8818235089209,66.9315577259194,69.090300165102,137.107954210665,136.509656613869,13901530507,14072516168,1.41891464073453,1.36139658262143,0.0373841067167612,1.9343790531149,0.0624058716842096,3.27084734724285,0.0263469736963237,1.42087844042488,-101.215032613633,2.95856350623443,-98.0908665461214
240,open,269.520745445944,113.399015877684,269.520745445944,113.399015877684,108.986666605975,125.954391435045,173.367503736558,193.009940143317,11072236552,11309075870,0.784231273078386,0.663905519540917,2.64655571278478,4.02272319356188,5.53094856401891,9.08951971112917,3.374713306696,6.05918022242615,-102.094241127414,15.6501274088617,-35.5876521970327
241,open,1404.12270160285,1694.80500666974,1402.90220706119,1691.98269292071,4.74154493351511,3.66170509758621,38.4229720628308,41.9329505915809,2104770865,1969776259,0.325237426735285,0.39322273860343,5.19264756166225,1.08386203267769,5.43885927903754,1.12354986397905,15.9657134598123,2.75635645213991,-93.1467035718801,-11.6208505848569,411.920791045964
242,open,1404.12270160285,1694.80500666974,1402.90220706119,1691.98269292071,4.74154493351511,3.66170509758621,38.4229720628308,41.9329505915809,2104770865,1969776259,0.325237426735285,0.39322273860343,5.19264756166225,1.08386203267769,5.43885927903754,1.12354986397905,15.9657134598123,2.75635645213991,-93.1467035718801,-11.6208505848569,411.920791045964
243,open,1372.42493465686,1177.79500936798,1353.72284532522,1162.82055826019,42.9109763089892,42.6351960148976,76.7302277436446,80.2234343984954,37630203396,34056087430,0.661762024694425,0.664558560390095,6.52365248778046,7.30235147566979,9.32301546129271,10.4157233410184,9.85800369973302,10.9882738872302,-89.5052067465285,10.0298189804179,-1.28801177312818
244,open,156.612280696433,131.827321328406,153.071632880804,128.601035582861,69.6528485790383,93.8680461187205,91.2286905975045,113.369628824398,20331573092,18504616573,1.53594830900161,1.49407841604998,11.9974340645574,8.51348570658114,20.3539886469136,16.5049283959454,7.81109233575442,5.69815186078986,-90.1270231037064,12.9520453919668,54.8359674546615
245,open,203.784126770838,204.452713314624,193.64498354789,195.15324715361,100.633211379257,120.658361365881,54.8016127435295,57.3095754618454,57176973208,53820882022,1.58555678456787,1.54247982077041,6.91901493737426,7.88536224149062,13.8818418646645,17.3997111098371,4.36377618557506,5.11213316071271,-93.7643326160501,9.20251980968347,-6.78346193864611
246,open,225.218942326209,237.622200180766,215.481273015468,226.55902873151,25.2858268528142,33.5095660252783,79.5492158803682,83.2530557894852,3758671639,3976186922,1.35112054676612,1.31366693831704,0.581948281223616,6.05547510022216,0.729098715986747,8.0846385270754,0.430715292293124,4.60959694089578,-105.470449132975,-2.77534226701599,-90.915442844462
247,open,131.757717799318,112.584142859836,125.990340020468,106.882034070376,60.1688096315789,46.997527824,136.842105263158,131.2,182592442980,183746909780,0.772211586081053,0.745590770283048,-2.57223174045294,-1.30479724087363,-4.11991295964912,-1.9180196872,-3.33099345673759,-1.75001796277372,-100.628291818013,2.91970802919708,-95.8979172255078
249,open,290.650570728905,387.459293622393,289.786337644884,385.162224662653,306.667366255747,336.249576990256,295.372808775005,367.24863258915,4738519953,4220926823,0.979027663492884,0.945045234440919,4.17132750226915,2.09108787480157,16.9634276913796,9.12236200831637,4.26068400088622,2.21268548699538,-87.7374531304449,16.2993420357086,123.942692640878
250,open,120.956910228747,126.004645277672,120.956910228747,126.004645277672,56.4157283714546,58.1143164390522,144.927928143405,146.526604731798,11918297796,11952778902,0.388443201977532,0.386049953473824,0.503833064316897,0.458328439345878,0.788074157327494,0.724682878917511,1.29705723192458,1.18722573392812,-100.288477736288,0.329666235270012,9.61126890037117
251,open,inf,inf,inf,inf,0,0,99.9307102804242,99.8614656178814,339646345,343957935,0.026498150598382,0.00422884269263915,1.45138320272518,-0.760524975241522,1.45138320272518,-0.760524975241522,54.773,-179.842342342342,-101.253522469252,518.750618750619,288.447432342235
252,open,239.384406050968,234.525702934931,233.169780726939,227.851805613068,44.672148499129,41.9572825107883,63.8634937290078,57.6530966728619,61862715365,57773681258,1.00415036256467,1.05346607132763,3.33430440262732,5.62276782137745,4.82380981678199,7.98192840111849,3.32052302815612,5.33739811315552,-92.9223237675654,2.0650691444456,-36.5028792532563
253,open,287.189683975375,244.039083388605,261.812122461922,228.580329473463,17.5859698665159,18.5517182829328,106.901016131779,107.940697455027,11968633967,12123202327,0.356930241644844,0.351987839920508,-0.396563351597734,0.74584334700595,-0.466302863111357,0.88421010357449,-1.11103881187049,2.11894634534645,-101.274979628574,0.111257779596917,-152.491887367784
254,open,76.0564800823831,177.491151236486,71.7406664138463,163.687642015618,67.9577119563509,21.7979166345973,143.923625305966,108.279049305323,6190303699,5942615763,0.423097541470073,0.392844358966508,0.341727579592214,23.783940664649,0.573957823806901,28.9683442231513,0.807680371776364,60.5429099891358,-95.8320048632093,12.1900356624446,-98.5033145957189
255,open,227.900528276971,2594.77672395351,227.900528276971,2594.77672395351,73.3270726402687,845.232514117628,163.487271600313,904.40726665924,1211148959,1263694260,0.650338048137645,0.597983050900303,3.95274723594094,1.97968905864936,6.85118107292557,18.712664660783,6.07798858956556,3.31061065304244,-104.158070718783,4.23314360607971,91.3628402391841
256,open,240.314807752595,285.85643039624,236.278111392051,283.226393840796,94.6423716922605,88.7453761977796,160.889347084703,156.814199657054,4786543105,4598500304,0.727608971777974,0.730259212569577,0.476258324639072,0.759137059741727,0.927000498459315,1.43283609926629,0.654552573032867,1.03954465301511,-95.9107798506302,3.71146182402758,-34.6977506035707
259,open,996.251396439852,1889.19911156591,990.216230795281,1881.43896858177,311.346989837502,335.359986376339,189.517981837304,201.039490795694,6606527934,6836728020,1.33729637871232,1.26212724562941,0.934486020747369,0.658742703647878,3.84398011679656,2.86790214485653,0.69878752056981,0.521930499423907,-103.367109022424,2.38810358964342,37.0824834383583
260,open,0,0,0,0,0,0,0,0,0,0,inf,inf,-inf,inf,-inf,inf,-1.52045415075241,0.185634971032435,0,2.96670749186309,-943.354875024916
261, close,0,0,0,0,0,0,0,0,0,0,inf,inf,inf,-inf,inf,-inf,9.26599732674544,-26.8178195511755,0,41.5090244683639,148.893693237515
262,open,0,0,0,0,0,0,0,0,0,0,inf,inf,inf,-inf,inf,-inf,9.26599732674544,-26.8178195511755,0,41.5090244683639,148.893693237515
263,open,262.988385672856,149.209859223121,224.608827282531,138.881745456645,164.890473369874,185.090493742378,182.867596050889,207.152034375298,3049669043,2901002664,0.986260631757346,0.996391942644559,3.62220107960744,3.26957703889927,9.59486558618086,9.32125332348532,3.6726611232097,3.28141657812022,-94.87534496797,4.05574779135748,16.4623541271789
264,open,529.942668850879,565.789684504203,529.615060799563,565.324572364699,23.8080071341485,28.829728577675,66.4285559492992,69.9380927534416,15401087331,14635415706,0.777971898249215,0.817499573592228,7.00738736042169,10.8381212660035,8.6757066431083,13.9627222099116,9.00724997418474,13.2576476075443,-94.7683643541051,0.143483842527694,-31.9624854305162
265,open,0,0,0,0,0,0,0,0,0,0,inf,inf,inf,inf,inf,inf,9.17251830474023,12.2557609523554,0,12.4473582948301,-15.8415820699585
266,open,0,0,0,0,0,0,0,0,0,0,inf,inf,inf,inf,inf,inf,0.0313896997049831,2.0461701173723,0,3.31418915599564,-98.4150871204027
267,open,617.807384412397,531.537572823349,605.01330784107,516.851468343455,88.3412487903509,88.1495311799303,124.996917613993,134.607251125415,69544530541,62011878402,0.765470777167957,0.759862981274895,5.70270660416909,5.17700672956306,10.7405488331419,9.74051389082634,7.44993378488938,6.81307927499915,-87.8528882963864,12.9747584345744,23.5351058940316
268,open,216.399491878802,972.868394416781,205.726762808813,965.814860077866,-4317.2881698724,2871.06435259596,-4115.04972972045,2607.94000784976,50654461149,53920225774,0.0542220939024681,0.0575179883518861,-1.99328085443454,-0.376533720112683,84.0623976663994,-11.1870591337714,-36.7614142312533,-6.54636455310482,-106.05665977492,-11.4397989019942,-397.313922950229
269,open,15.7051915290234,21.7485332477719,15.046972182789,20.5719113765805,1263.04962719059,617.078553136311,1265.08754259793,644.92850616824,5283389624,5438432872,0.774803005518413,0.816855970195379,-7.01821919995503,3.98185416822775,-95.6618106404057,28.5530222575254,-9.05806914785934,4.87460986209766,-102.850880973419,-7.85226263663409,-271.230231848127
270,open,591.606900570889,1742.98588148592,591.606900570889,1742.98588148592,85.0757957459635,85.988376433982,124.163446740176,129.731142493787,5525833215,5401857743,0.588528783889472,0.552934730810071,1.47140724007538,2.31327506100895,2.72321865823322,4.30242272842275,2.50014490430041,4.18363132592506,-97.7049474847676,8.88008927653875,-34.9330810538568
271,open,114.041101920794,210.479503061875,111.133510804981,210.095765427132,158.377009712709,143.890790040074,199.002623566411,206.199082926692,3645762434,3311337089,0.64458811635229,0.684558611544003,1.65400955469936,37.1690806136469,4.2735804277947,90.6519643592555,2.56599448972061,54.2964181398772,-89.9005949557073,3.67084266011986,-95.1006195229076
272,open,111.537686764494,139.842409064141,109.760048033585,137.976052506225,177.20137163478,265.979261908871,190.482932865884,249.499165714475,67382573757,61215842207,0.803476193818964,0.656532128874383,8.77431541917883,6.16503944067023,24.3225226935257,22.5627658413557,10.9204423064161,9.39030882043826,-89.9262489452529,34.7102977099943,56.6610920207709
273,open,111.537686764494,139.842409064141,109.760048033585,137.976052506225,177.20137163478,265.979261908871,190.482932865884,249.499165714475,67382573757,61215842207,0.803476193818964,0.656532128874383,8.77431541917883,6.16503944067023,24.3225226935257,22.5627658413557,10.9204423064161,9.39030882043826,-89.9262489452529,34.7102977099943,56.6610920207709
274,open,165.907847302842,253.432877957107,150.080241276359,239.22107050874,159.464850408395,135.918241740719,165.784707631669,165.815775155527,3805225237,3473143764,0.560460916810639,0.628813601854691,5.69906963433713,4.61417810172744,14.7870825014031,10.8856878483807,10.1685406839219,7.3379107705652,-90.4385912140434,-2.34802899598841,35.3216291485331
275,open,27.3998650422275,42.5719094925773,26.7053696395972,41.3637047210797,-143.384868476353,-143.508301421792,-34.3976570912992,-36.1026075476015,1792591593,1794811831,1.31693144117072,1.26410328805104,0.189197807980571,7.32396219645824,-0.0820832201525128,-3.18653154845312,0.143665647326621,5.79380044786542,-100.123703107014,4.05022821265238,-97.4199243613644
276,open,339.935685787423,141.367716758489,163.119236847095,73.0702252928362,67.9883696870023,74.1557936626403,137.995982284187,150.943552475864,10049987485,9880264985,0.615400700969132,0.577184916463048,61.5400700969132,57.7184916463048,103.380160460043,100.520097216727,100,100,-98.2822070029734,8.45259348597472,8.45259348597472
277,open,54.8384169827179,0,53.7915813771818,0,212.848519272105,0,233.619935465902,0,34043855235,0,1.09399561136396,0,-0.92138864072455,0,-2.88255071924813,0,-0.842223342720535,0,inf,inf,-inf
278,open,40.6022724858633,62.6334657963083,40.6022724858633,57.2019201860565,143.703821489912,181.228875749765,193.971734119736,236.279182082337,3491336118,3628500471,1.29684653008823,0.705948785310217,4.07821015186485,-10.4948079528581,9.93875398848418,-29.5144304179196,3.14471300747313,-14.8662455000136,-103.780193887151,76.7583205464066,137.39035453174
279,open,512.770074401541,0,512.770074401541,0,29.1991301819733,0,84.3575562693201,0,3981241119,0,0.52268355063174,0,2.74678678661562,0,3.54882463626076,0,5.25516210199408,0,inf,inf,inf
280,open,inf,0,inf,0,0,0,66.2617411759484,0,7177013220,0,0.804503551409092,0,0,0,0,0,0,0,inf,inf,0
281,open,51.1441361048346,75.5820559360811,50.4135489739547,73.9280119818483,460.134006460838,319.98273986469,453.110097104935,329.156612961984,6050684617,6221535629,0.624913458450052,0.687964347587923,-6.62996021760755,-6.55033506680253,-37.1366617936449,-27.5102766838748,-10.6094053951912,-9.52132925168101,-102.746122857573,-11.6592932092552,1.56391545064389
282,open,1793.68007517176,2335.75024694853,1788.9276651307,2329.23439195504,94.9146554411655,98.5430834099956,164.021510454233,168.14792459242,7843990261,7424176703,0.416149726400075,0.434585330612652,3.6332606940752,4.0604413938341,7.08175756313598,8.06172554337403,8.73065741387101,9.34325461034302,-94.3453183457991,1.17268984044882,-5.46077020538805
283,open,390.629620068012,282.545238080498,389.335678647492,280.707991621604,76.0834878678453,84.1283452454804,126.965201552691,130.540020639126,2780073476,2882212452,0.546320305240738,0.505666939988642,0.485969529821161,-3.22290932910035,0.855712098084069,-5.93428961643469,0.889532249047592,-6.3735812532509,-103.543769853923,4.2108805787445,114.544246835978
284,open,18.0578957172018,32.1682658058229,17.7025244451412,30.7104512359524,190.476819212962,754.870409961093,277.829525565918,801.750532417813,4280480345,3225076979,0.4877404757713,0.645821300875064,0.389135532872071,-2.71816559948227,1.1303485183142,-23.2367934037155,0.797833176048598,-4.20885095582827,-67.2750953582742,0.237183333751756,119.001041181225
285,open,216.821362442315,229.367576459118,207.228401404151,217.225892635915,98.781849073722,90.0891706136021,123.607284340977,118.772367230271,9953488104,9319743352,0.966365610276315,0.948555009092916,1.04902766657288,2.9016559446561,2.08527659290848,5.51573371925707,1.08553911213058,3.0590275912737,-93.1999763505934,8.80536083002642,-61.3888821639248
286,open,0,0,0,0,0,0,0,0,0,0,inf,inf,inf,inf,inf,inf,2.81267215830421,0.531044891123591,0,-1.94027598330429,419.372015818085
287,open,0,0,0,0,0,0,0,0,0,0,inf,inf,inf,inf,inf,inf,8.25943914969177,6.9163817950544,0,4.62466490251809,24.941201762047
288,open,0,0,0,0,0,0,0,0,0,0,inf,inf,inf,inf,inf,inf,0.140863420242657,4.03780142538296,0,-19.9844809038344,-97.2085651311324
289,open,133.66842095025,175.806437034151,118.264191823455,150.622984232841,79.3799443276674,93.8916441387945,160.556963017217,179.763000515108,14597145862,14354964986,0.556007989419925,0.626544068255939,-8.45009847583313,1.9281061658453,-15.1577819415825,3.73843674569893,-15.1978004572362,3.07736720134055,-98.3129121092515,-9.76080350503522,-545.652797350406
290, close,13.5289606718305,0,10.9622693187223,0,274.18297613308,0,357.229840292189,0,16588686012,0,0.143215907955664,0,-14.9699053994006,0,-56.0148375477838,0,-104.526833737178,0,inf,inf,-inf
291,open,30.5541894546061,43.4434554317426,29.5317222171802,42.6579768508774,368.214169065008,257.657086650737,403.923032762178,280.590617895551,14543614614,19160715313,1.31362261013224,0.812209866478277,-3.44086164465799,-7.29140416303831,-16.110601758212,-26.0782237054533,-2.61936846862861,-8.97724155291743,-124.096703194935,22.7617281959952,64.1807343496906
292,open,238.900712283459,453.708705754428,232.210685354655,443.068206265072,167.232575900904,148.436448735108,191.699767829722,125.697750159982,108412414393,82215410738,0.922403587816939,1.1214898165361,6.89536057549759,5.87270544495178,18.4266496835576,14.5899408521116,7.475426881,5.2365214185275,-68.1361396606248,8.45546351558503,54.8262334012758
293,open,15.5190897665858,8.06137341559801,15.2963237489748,7.6891204695061,165.919537201905,191.925349645512,250.782559859506,282.473306968525,7921131627,7700357558,0.543264507981645,0.509025232591673,4.30477607312711,2.70332732515432,11.447240611238,7.89169774601942,7.92390448829496,5.31079237740432,-97.1329374339165,9.78635351326309,63.8054206484473
294,open,49.4438619766231,300.804058270881,48.6038218548796,297.894030622914,84.8406563739537,79.3283021958773,148.958646514352,142.785068170347,17641255848,16256517750,0.684737673898056,0.668559706890487,2.71413423809214,6.3768329352084,5.01682354055972,11.4354662365768,3.96375771562442,9.53816520721455,-91.4819513053464,11.1439942809847,-53.8120953762318
295,open,393.874520236678,421.305936767312,392.288858288928,418.894857894424,97.7129627063226,90.9522300970099,115.410068564704,121.858402696403,9062200760,8283162605,0.606968684061685,0.670728500083574,2.71120079445249,2.97761033751914,5.36039541562938,5.68581334309191,4.4667885932925,4.43936754908749,-90.5949189681518,-0.995025475600543,-0.383492469393871
296,open,182.670794278473,97.4165634141027,182.204585487701,97.1023897899421,145.891060759953,175.179256360169,199.412073697941,227.76665415153,14689257907,14803272862,0.518385379588938,0.477517098069958,4.0464046227737,-1.77268288875239,9.94974724957804,-4.87805559089278,7.80578461912326,-3.71229197010383,-100.77020099584,7.72237733730233,326.506342423112
297, close,0,0,0,0,0,0,0,0,0,0,inf,0,-inf,0,-inf,0,-24.1549247343496,0,0,inf,-inf
298, close,188.61432913068,187.686482299374,188.61432913068,187.464217416807,196.067342682183,195.45205178857,174.738719337236,170.431463384569,9436874169,9629258279,0,0.325279254045025,-0.76034793635066,-1.57672795350305,-2.25114193029222,-4.6584750897487,-inf,-4.84730561170312,-101.997912034612,-100,52.7403029945746
299, close,65.6631134362611,92.1257354375,65.4162880616369,91.258214078125,inf,inf,inf,inf,580426781,639233573,3.64713052583974,6.40903752093759,-318.826492604586,-427.023121171391,-inf,-inf,-87.4184486531851,-66.6282760518026,-109.199578132921,-48.3290604449289,32.2060595888011
300,open,20.7809523052846,15.9125779658564,19.4433560171199,14.4949184885234,98.6864798861678,96.6190155818762,186.622054685367,187.642402185092,10909215945.0,10885178246.0,0.122920939851283,0.137711286496466,-0.417163682792971,0.465376237808646,-0.828847836704853,0.915018177531332,-3.39375604594043,3.37936163148538,-99.7791703685805,-10.5429998921289,-189.838042824182